# Reference (RF) set as AF045145.1/1-88
#seqname	rfpos	sqpos	apos	rfchar	sqchar	description
AADA01028285.1/4499-4587	0	1	1	-	G	insert-after-RF-position
AADA01028285.1/4499-4587	55	56	113	U	G	substitution
AADA01028285.1/4499-4587	68	69	143	C	U	substitution
AADA01028285.1/4499-4587	81	82	156	G	U	substitution
AADA01028285.1/4499-4587	83	84	158	C	U	substitution
AANU01185798.1/9761-9673	0	1	1	-	G	insert-after-RF-position
AANU01185798.1/9761-9673	30	31	33	G	A	substitution
AANU01185798.1/9761-9673	31	32	34	U	G	substitution
AANU01185798.1/9761-9673	32	33	35	G	U	substitution
AANU01185798.1/9761-9673	36	37	39	U	G	substitution
AANU01185798.1/9761-9673	73	74	148	G	A	substitution
AANU01185798.1/9761-9673	86	87	161	C	U	substitution
AADA01117796.1/4260-4348	0	1	1	-	G	insert-after-RF-position
AADA01117796.1/4260-4348	29	30	32	C	A	substitution
AADA01117796.1/4260-4348	32	33	35	G	A	substitution
AADA01117796.1/4260-4348	33	34	36	U	C	substitution
AADA01117796.1/4260-4348	34	35	37	C	A	substitution
AADA01117796.1/4260-4348	35	36	38	A	U	substitution
AADA01117796.1/4260-4348	37	38	40	C	G	substitution
AADA01117796.1/4260-4348	38	39	41	A	U	substitution
AADA01117796.1/4260-4348	55	56	113	U	G	substitution
AADA01117796.1/4260-4348	72	73	147	C	U	substitution
AADA01117796.1/4260-4348	76	77	151	C	U	substitution
AADA01117796.1/4260-4348	83	84	158	C	U	substitution
AADA01117796.1/4260-4348	86	87	161	C	U	substitution
AF045144.1/1-88	29	29	32	C	A	substitution
AF045144.1/1-88	32	32	35	G	A	substitution
AF045144.1/1-88	33	33	36	U	C	substitution
AF045144.1/1-88	34	34	37	C	A	substitution
AF045144.1/1-88	35	35	38	A	U	substitution
AF045144.1/1-88	37	37	40	C	G	substitution
AF045144.1/1-88	38	38	41	A	U	substitution
AF045144.1/1-88	55	55	113	U	G	substitution
AF045144.1/1-88	72	72	147	C	U	substitution
AF045144.1/1-88	76	76	151	C	U	substitution
AF045144.1/1-88	83	83	158	C	U	substitution
AF045144.1/1-88	86	86	161	C	U	substitution
AANN01510211.1/1211-1299	0	1	1	-	G	insert-after-RF-position
AANN01510211.1/1211-1299	29	30	32	C	U	substitution
AANN01510211.1/1211-1299	31	32	34	U	C	substitution
AANN01510211.1/1211-1299	32	33	35	G	U	substitution
AANN01510211.1/1211-1299	34	35	37	C	A	substitution
AANN01510211.1/1211-1299	36	37	39	U	C	substitution
AANN01510211.1/1211-1299	37	38	40	C	A	substitution
AANN01510211.1/1211-1299	39	40	42	A	U	substitution
AANN01510211.1/1211-1299	40	41	43	A	C	substitution
AANN01510211.1/1211-1299	41	42	44	C	A	substitution
AANN01510211.1/1211-1299	45	46	48	C	U	substitution
AANN01510211.1/1211-1299	47	48	50	C	A	substitution
AANN01510211.1/1211-1299	48	49	51	U	C	substitution
AANN01510211.1/1211-1299	49	50	52	C	G	substitution
AANN01510211.1/1211-1299	50	51	53	U	A	substitution
AANN01510211.1/1211-1299	52	53	110	G	U	substitution
AANN01510211.1/1211-1299	54	55	112	U	A	substitution
AANN01510211.1/1211-1299	55	56	113	U	G	substitution
AANN01510211.1/1211-1299	62	63	120	G	U	substitution
AANN01510211.1/1211-1299	83	84	158	C	U	substitution
AANN01510211.1/1211-1299	86	87	161	C	U	substitution
ABDC01204167.1/4653-4552	0	1	1	-	G	insert-after-RF-position
ABDC01204167.1/4653-4552	8	9	10	U	C	substitution
ABDC01204167.1/4653-4552	23	24	26	A	C	substitution
ABDC01204167.1/4653-4552	29	30	32	C	A	substitution
ABDC01204167.1/4653-4552	30	31	33	G	U	substitution
ABDC01204167.1/4653-4552	31	32	34	U	C	substitution
ABDC01204167.1/4653-4552	33	34	36	U	C	substitution
ABDC01204167.1/4653-4552	34	35	37	C	A	substitution
ABDC01204167.1/4653-4552	35	36	38	A	U	substitution
ABDC01204167.1/4653-4552	36	37	39	U	G	substitution
ABDC01204167.1/4653-4552	37	38	40	C	U	substitution
ABDC01204167.1/4653-4552	38	39	41	A	C	substitution
ABDC01204167.1/4653-4552	42	43	45	C	A	substitution
ABDC01204167.1/4653-4552	45	46	48	C	U	substitution
ABDC01204167.1/4653-4552	50	52..60	54..62	-	GUGUAGUCA	insert-after-RF-position
ABDC01204167.1/4653-4552	52	62	110	G	A	substitution
ABDC01204167.1/4653-4552	54	64	112	U	C	substitution
ABDC01204167.1/4653-4552	55	65	113	U	G	substitution
ABDC01204167.1/4653-4552	62	72	120	G	U	substitution
ABDC01204167.1/4653-4552	64	75..78	123..139	-	CCAC	insert-after-RF-position
ABDC01204167.1/4653-4552	86	100	161	C	U	substitution
AAYZ01312112.1/750-847	0	1	1	-	G	insert-after-RF-position
AAYZ01312112.1/750-847	23	24	26	A	C	substitution
AAYZ01312112.1/750-847	29	30	32	C	U	substitution
AAYZ01312112.1/750-847	32	33	35	G	A	substitution
AAYZ01312112.1/750-847	33	34	36	U	G	substitution
AAYZ01312112.1/750-847	34	35	37	C	U	substitution
AAYZ01312112.1/750-847	35	36	38	A	U	substitution
AAYZ01312112.1/750-847	37	38	40	C	G	substitution
AAYZ01312112.1/750-847	39	40	42	A	C	substitution
AAYZ01312112.1/750-847	42	43	45	C	U	substitution
AAYZ01312112.1/750-847	43	44	46	A	U	substitution
AAYZ01312112.1/750-847	44	45	47	C	G	substitution
AAYZ01312112.1/750-847	45	46	48	C	G	substitution
AAYZ01312112.1/750-847	47	48	50	C	U	substitution
AAYZ01312112.1/750-847	48	49	51	U	A	substitution
AAYZ01312112.1/750-847	50	51	53	U	A	substitution
AAYZ01312112.1/750-847	50	52..60	54..62	-	ACUGUAGAU	insert-after-RF-position
AAYZ01312112.1/750-847	52	62	110	G	A	substitution
AAYZ01312112.1/750-847	53	63	111	G	A	substitution
AAYZ01312112.1/750-847	54	64	112	U	C	substitution
AAYZ01312112.1/750-847	55	65	113	U	A	substitution
AAYZ01312112.1/750-847	61	71	119	A	C	substitution
AAYZ01312112.1/750-847	82	92	157	C	U	substitution
AAYZ01312112.1/750-847	86	96	161	C	U	substitution
AAFR03032607.1/51488-51600	0	1	1	-	G	insert-after-RF-position
AAFR03032607.1/51488-51600	14	15	16	U	C	substitution
AAFR03032607.1/51488-51600	23	24	26	A	C	substitution
AAFR03032607.1/51488-51600	28	29	31	G	C	substitution
AAFR03032607.1/51488-51600	30	31	33	G	U	substitution
AAFR03032607.1/51488-51600	31	32	34	U	C	substitution
AAFR03032607.1/51488-51600	32	33	35	G	A	substitution
AAFR03032607.1/51488-51600	34	35	37	C	U	substitution
AAFR03032607.1/51488-51600	35	36	38	A	U	substitution
AAFR03032607.1/51488-51600	36	37	39	U	A	substitution
AAFR03032607.1/51488-51600	37	38	40	C	A	substitution
AAFR03032607.1/51488-51600	39	40	42	A	C	substitution
AAFR03032607.1/51488-51600	41	42	44	C	U	substitution
AAFR03032607.1/51488-51600	42	43	45	C	U	substitution
AAFR03032607.1/51488-51600	43	44	46	A	U	substitution
AAFR03032607.1/51488-51600	45	46	48	C	U	substitution
AAFR03032607.1/51488-51600	47	48	50	C	A	substitution
AAFR03032607.1/51488-51600	48	49	51	U	C	substitution
AAFR03032607.1/51488-51600	49	50	52	C	A	substitution
AAFR03032607.1/51488-51600	50	51	53	U	A	substitution
AAFR03032607.1/51488-51600	50	52..75	54..108	-	UUUCCCUUGGUGGUUCGAAUCCCA	insert-after-RF-position
AAFR03032607.1/51488-51600	53	78	111	G	A	substitution
AAFR03032607.1/51488-51600	54	79	112	U	C	substitution
AAFR03032607.1/51488-51600	55	80	113	U	C	substitution
AAFR03032607.1/51488-51600	56	81	114	G	A	substitution
AAFR03032607.1/51488-51600	58	83	116	U	C	substitution
AAFR03032607.1/51488-51600	59	84	117	C	A	substitution
AAFR03032607.1/51488-51600	76	101	151	C	U	substitution
AAFR03032607.1/51488-51600	77	102	152	U	C	substitution
AAFR03032607.1/51488-51600	80	105	155	A	G	substitution
AAFR03032607.1/51488-51600	82	107	157	C	U	substitution
AAFR03032607.1/51488-51600	86	111	161	C	U	substitution
AAYZ01312112.1/5102-5200	0	1	1	-	G	insert-after-RF-position
AAYZ01312112.1/5102-5200	9	10	11	U	C	substitution
AAYZ01312112.1/5102-5200	23	24	26	A	C	substitution
AAYZ01312112.1/5102-5200	29	30	32	C	U	substitution
AAYZ01312112.1/5102-5200	30	31	33	G	C	substitution
AAYZ01312112.1/5102-5200	32	33	35	G	A	substitution
AAYZ01312112.1/5102-5200	33	34	36	U	C	substitution
AAYZ01312112.1/5102-5200	34	35	37	C	A	substitution
AAYZ01312112.1/5102-5200	35	36	38	A	U	substitution
AAYZ01312112.1/5102-5200	36	37	39	U	G	substitution
AAYZ01312112.1/5102-5200	39	40	42	A	U	substitution
AAYZ01312112.1/5102-5200	40	41	43	A	C	substitution
AAYZ01312112.1/5102-5200	41	42	44	C	A	substitution
AAYZ01312112.1/5102-5200	42	43	45	C	G	substitution
AAYZ01312112.1/5102-5200	47	48	50	C	A	substitution
AAYZ01312112.1/5102-5200	48	49	51	U	A	substitution
AAYZ01312112.1/5102-5200	50	51	53	U	C	substitution
AAYZ01312112.1/5102-5200	50	52..61	54..63	-	ACCAACUCGU	insert-after-RF-position
AAYZ01312112.1/5102-5200	51	62	109	G	U	substitution
AAYZ01312112.1/5102-5200	55	66	113	U	G	substitution
AAYZ01312112.1/5102-5200	61	72	119	A	C	substitution
AAYZ01312112.1/5102-5200	82	93	157	C	U	substitution
AAYZ01312112.1/5102-5200	86	97	161	C	U	substitution
AAQQ01588127.1/1805-1892	0	1	1	-	G	insert-after-RF-position
AAQQ01588127.1/1805-1892	23	24	26	A	C	substitution
AAQQ01588127.1/1805-1892	30	31	33	G	C	substitution
AAQQ01588127.1/1805-1892	31	32	34	U	A	substitution
AAQQ01588127.1/1805-1892	33	34	36	U	A	substitution
AAQQ01588127.1/1805-1892	34	35	37	C	A	substitution
AAQQ01588127.1/1805-1892	36	37	39	U	A	substitution
AAQQ01588127.1/1805-1892	38	39	41	A	U	substitution
AAQQ01588127.1/1805-1892	39	40	42	A	U	substitution
AAQQ01588127.1/1805-1892	40	41	43	A	G	substitution
AAQQ01588127.1/1805-1892	42	43	45	C	A	substitution
AAQQ01588127.1/1805-1892	44	45	47	C	U	substitution
AAQQ01588127.1/1805-1892	46	47	49	U	A	substitution
AAQQ01588127.1/1805-1892	47	48	50	C	U	substitution
AAQQ01588127.1/1805-1892	48	49	51	U	C	substitution
AAQQ01588127.1/1805-1892	49	50	52	C	U	substitution
AAQQ01588127.1/1805-1892	50	50	53	U	-	deletion
AAQQ01588127.1/1805-1892	51	51	109	G	C	substitution
AAQQ01588127.1/1805-1892	55	55	113	U	G	substitution
AAQQ01588127.1/1805-1892	77	77	152	U	A	substitution
AAQQ01588127.1/1805-1892	82	82	157	C	U	substitution
AAQQ01588127.1/1805-1892	86	86	161	C	U	substitution
AF045143.1/1-98	29	29	32	C	A	substitution
AF045143.1/1-98	30	30	33	G	C	substitution
AF045143.1/1-98	31	31	34	U	A	substitution
AF045143.1/1-98	34	34	37	C	U	substitution
AF045143.1/1-98	35	35	38	A	C	substitution
AF045143.1/1-98	37	37	40	C	U	substitution
AF045143.1/1-98	38	38	41	A	U	substitution
AF045143.1/1-98	41	41	44	C	U	substitution
AF045143.1/1-98	42	42	45	C	U	substitution
AF045143.1/1-98	43	43	46	A	G	substitution
AF045143.1/1-98	44	44	47	C	A	substitution
AF045143.1/1-98	45	45	48	C	A	substitution
AF045143.1/1-98	46	46	49	U	A	substitution
AF045143.1/1-98	48	48	51	U	A	substitution
AF045143.1/1-98	49	49	52	C	A	substitution
AF045143.1/1-98	50	50	53	U	G	substitution
AF045143.1/1-98	50	51..60	54..63	-	CAACCUGUCU	insert-after-RF-position
AF045143.1/1-98	82	92	157	C	U	substitution
AF045143.1/1-98	86	96	161	C	U	substitution
AADA01319887.1/7078-7176	0	1	1	-	G	insert-after-RF-position
AADA01319887.1/7078-7176	29	30	32	C	A	substitution
AADA01319887.1/7078-7176	30	31	33	G	C	substitution
AADA01319887.1/7078-7176	31	32	34	U	A	substitution
AADA01319887.1/7078-7176	32	33	35	G	A	substitution
AADA01319887.1/7078-7176	34	35	37	C	U	substitution
AADA01319887.1/7078-7176	35	36	38	A	C	substitution
AADA01319887.1/7078-7176	37	38	40	C	U	substitution
AADA01319887.1/7078-7176	38	39	41	A	U	substitution
AADA01319887.1/7078-7176	41	42	44	C	U	substitution
AADA01319887.1/7078-7176	42	43	45	C	U	substitution
AADA01319887.1/7078-7176	43	44	46	A	G	substitution
AADA01319887.1/7078-7176	44	45	47	C	A	substitution
AADA01319887.1/7078-7176	45	46	48	C	A	substitution
AADA01319887.1/7078-7176	46	47	49	U	A	substitution
AADA01319887.1/7078-7176	48	49	51	U	A	substitution
AADA01319887.1/7078-7176	49	50	52	C	A	substitution
AADA01319887.1/7078-7176	50	51	53	U	G	substitution
AADA01319887.1/7078-7176	50	52..61	54..63	-	CAACCUGUCU	insert-after-RF-position
AADA01319887.1/7078-7176	82	93	157	C	U	substitution
AADA01319887.1/7078-7176	86	97	161	C	U	substitution
AANU01185800.1/1378-1280	0	1	1	-	G	insert-after-RF-position
AANU01185800.1/1378-1280	29	30	32	C	G	substitution
AANU01185800.1/1378-1280	30	31	33	G	C	substitution
AANU01185800.1/1378-1280	31	32	34	U	G	substitution
AANU01185800.1/1378-1280	32	33	35	G	A	substitution
AANU01185800.1/1378-1280	33	34	36	U	C	substitution
AANU01185800.1/1378-1280	34	35	37	C	A	substitution
AANU01185800.1/1378-1280	35	36	38	A	C	substitution
AANU01185800.1/1378-1280	36	37	39	U	C	substitution
AANU01185800.1/1378-1280	37	38	40	C	U	substitution
AANU01185800.1/1378-1280	38	39	41	A	C	substitution
AANU01185800.1/1378-1280	39	40	42	A	C	substitution
AANU01185800.1/1378-1280	40	41	43	A	U	substitution
AANU01185800.1/1378-1280	41	42	44	C	A	substitution
AANU01185800.1/1378-1280	42	43	45	C	G	substitution
AANU01185800.1/1378-1280	43	44	46	A	G	substitution
AANU01185800.1/1378-1280	44	45	47	C	A	substitution
AANU01185800.1/1378-1280	45	46	48	C	U	substitution
AANU01185800.1/1378-1280	47	48	50	C	A	substitution
AANU01185800.1/1378-1280	48	49	51	U	C	substitution
AANU01185800.1/1378-1280	49	50	52	C	A	substitution
AANU01185800.1/1378-1280	50	51	53	U	C	substitution
AANU01185800.1/1378-1280	50	52..61	54..63	-	CAACCUCUCU	insert-after-RF-position
AANU01185800.1/1378-1280	82	93	157	C	U	substitution
AANU01185800.1/1378-1280	86	97	161	C	U	substitution
AAPY01617272.1/690-825	0	1	1	-	G	insert-after-RF-position
AAPY01617272.1/690-825	2	3	3	G	A	substitution
AAPY01617272.1/690-825	23	24	26	A	C	substitution
AAPY01617272.1/690-825	29	30	32	C	G	substitution
AAPY01617272.1/690-825	30	31	33	G	C	substitution
AAPY01617272.1/690-825	31	32	34	U	G	substitution
AAPY01617272.1/690-825	32	33	35	G	A	substitution
AAPY01617272.1/690-825	33	34	36	U	C	substitution
AAPY01617272.1/690-825	34	35	37	C	U	substitution
AAPY01617272.1/690-825	35	36	38	A	U	substitution
AAPY01617272.1/690-825	36	37	39	U	C	substitution
AAPY01617272.1/690-825	37	38	40	C	A	substitution
AAPY01617272.1/690-825	38	39	41	A	G	substitution
AAPY01617272.1/690-825	39	40	42	A	C	substitution
AAPY01617272.1/690-825	40	41	43	A	U	substitution
AAPY01617272.1/690-825	41	42	44	C	G	substitution
AAPY01617272.1/690-825	43	44	46	A	G	substitution
AAPY01617272.1/690-825	44	45	47	C	A	substitution
AAPY01617272.1/690-825	45	46	48	C	A	substitution
AAPY01617272.1/690-825	47	48	50	C	U	substitution
AAPY01617272.1/690-825	48	49	51	U	C	substitution
AAPY01617272.1/690-825	50	51	53	U	A	substitution
AAPY01617272.1/690-825	50	52..98	54..108	-	CCCUCUCUGGGCGGAUGGCUGGCUGCAAAUCCACCCCUCCCCUGGGC	insert-after-RF-position
AAPY01617272.1/690-825	55	103	113	U	G	substitution
AAPY01617272.1/690-825	57	105	115	U	C	substitution
AAPY01617272.1/690-825	63	111	121	A	U	substitution
AAPY01617272.1/690-825	82	130	157	C	U	substitution
AAPY01617272.1/690-825	86	134	161	C	U	substitution
AAFC03082657.1/5139-5043	0	1	1	-	G	insert-after-RF-position
AAFC03082657.1/5139-5043	8	9	10	U	C	substitution
AAFC03082657.1/5139-5043	9	10	11	U	G	substitution
AAFC03082657.1/5139-5043	23	24	26	A	C	substitution
AAFC03082657.1/5139-5043	29	30	32	C	A	substitution
AAFC03082657.1/5139-5043	30	31	33	G	C	substitution
AAFC03082657.1/5139-5043	32	33	35	G	A	substitution
AAFC03082657.1/5139-5043	33	34	36	U	C	substitution
AAFC03082657.1/5139-5043	34	35	37	C	A	substitution
AAFC03082657.1/5139-5043	35	36	38	A	C	substitution
AAFC03082657.1/5139-5043	36	37	39	U	A	substitution
AAFC03082657.1/5139-5043	37	38	40	C	G	substitution
AAFC03082657.1/5139-5043	38	39	41	A	U	substitution
AAFC03082657.1/5139-5043	39	40	42	A	G	substitution
AAFC03082657.1/5139-5043	40	41	43	A	U	substitution
AAFC03082657.1/5139-5043	41	42	44	C	U	substitution
AAFC03082657.1/5139-5043	42	43	45	C	U	substitution
AAFC03082657.1/5139-5043	44	45	47	C	A	substitution
AAFC03082657.1/5139-5043	45	46	48	C	A	substitution
AAFC03082657.1/5139-5043	47	48	50	C	U	substitution
AAFC03082657.1/5139-5043	48	49	51	U	A	substitution
AAFC03082657.1/5139-5043	50	52..59	54..61	-	CUCUCUGA	insert-after-RF-position
AAFC03082657.1/5139-5043	55	64	113	U	G	substitution
AAFC03082657.1/5139-5043	82	91	157	C	U	substitution
AAFC03082657.1/5139-5043	86	95	161	C	U	substitution
AALT01490920.1/880-979	0	1	1	-	G	insert-after-RF-position
AALT01490920.1/880-979	29	30	32	C	U	substitution
AALT01490920.1/880-979	30	31	33	G	C	substitution
AALT01490920.1/880-979	31	32	34	U	A	substitution
AALT01490920.1/880-979	35	36	38	A	U	substitution
AALT01490920.1/880-979	36	37	39	U	A	substitution
AALT01490920.1/880-979	38	39	41	A	G	substitution
AALT01490920.1/880-979	39	40	42	A	G	substitution
AALT01490920.1/880-979	41	42	44	C	G	substitution
AALT01490920.1/880-979	43	44	46	A	U	substitution
AALT01490920.1/880-979	44	45	47	C	U	substitution
AALT01490920.1/880-979	45	46	48	C	U	substitution
AALT01490920.1/880-979	46	47	49	U	G	substitution
AALT01490920.1/880-979	49	50	52	C	U	substitution
AALT01490920.1/880-979	50	52..62	54..64	-	GUAACUAUCCU	insert-after-RF-position
AALT01490920.1/880-979	51	63	109	G	U	substitution
AALT01490920.1/880-979	53	65	111	G	A	substitution
AALT01490920.1/880-979	55	67	113	U	G	substitution
AALT01490920.1/880-979	82	94	157	C	U	substitution
AALT01490920.1/880-979	86	98	161	C	U	substitution
CAAA01055262.1/2914-2772	0	1	1	-	G	insert-after-RF-position
CAAA01055262.1/2914-2772	4	5	5	U	C	substitution
CAAA01055262.1/2914-2772	5	6	6	G	A	substitution
CAAA01055262.1/2914-2772	29	30	32	C	A	substitution
CAAA01055262.1/2914-2772	30	31	33	G	C	substitution
CAAA01055262.1/2914-2772	31	32	34	U	A	substitution
CAAA01055262.1/2914-2772	34	35	37	C	G	substitution
CAAA01055262.1/2914-2772	35	36	38	A	G	substitution
CAAA01055262.1/2914-2772	37	38	40	C	U	substitution
CAAA01055262.1/2914-2772	38	39	41	A	C	substitution
CAAA01055262.1/2914-2772	40	41	43	A	G	substitution
CAAA01055262.1/2914-2772	41	42	44	C	U	substitution
CAAA01055262.1/2914-2772	42	43	45	C	U	substitution
CAAA01055262.1/2914-2772	43	44	46	A	C	substitution
CAAA01055262.1/2914-2772	44	45	47	C	A	substitution
CAAA01055262.1/2914-2772	45	46	48	C	U	substitution
CAAA01055262.1/2914-2772	47	48	50	C	A	substitution
CAAA01055262.1/2914-2772	48	49	51	U	C	substitution
CAAA01055262.1/2914-2772	50	51	53	U	A	substitution
CAAA01055262.1/2914-2772	50	52..105	54..108	-	GCUAUUCGUAGCAGGUUCGAACAACACAACCAACCACUUACCUAACCCGUGAGU	insert-after-RF-position
CAAA01055262.1/2914-2772	52	107	110	G	U	substitution
CAAA01055262.1/2914-2772	53	108	111	G	U	substitution
CAAA01055262.1/2914-2772	55	110	113	U	G	substitution
CAAA01055262.1/2914-2772	77	132	152	U	C	substitution
CAAA01055262.1/2914-2772	79	134	154	C	U	substitution
CAAA01055262.1/2914-2772	80	135	155	A	G	substitution
CAAA01055262.1/2914-2772	86	141	161	C	U	substitution
AAPY01035584.1/271-170	0	1	1	-	G	insert-after-RF-position
AAPY01035584.1/271-170	3	4	4	C	U	substitution
AAPY01035584.1/271-170	4	5	5	U	C	substitution
AAPY01035584.1/271-170	15	17	18	-	A	insert-after-RF-position
AAPY01035584.1/271-170	28	30	31	G	C	substitution
AAPY01035584.1/271-170	29	31	32	C	U	substitution
AAPY01035584.1/271-170	30	32	33	G	C	substitution
AAPY01035584.1/271-170	31	33	34	U	A	substitution
AAPY01035584.1/271-170	35	37	38	A	U	substitution
AAPY01035584.1/271-170	36	38	39	U	G	substitution
AAPY01035584.1/271-170	37	39	40	C	G	substitution
AAPY01035584.1/271-170	39	41	42	A	U	substitution
AAPY01035584.1/271-170	40	42	43	A	G	substitution
AAPY01035584.1/271-170	41	43	44	C	U	substitution
AAPY01035584.1/271-170	42	44	45	C	U	substitution
AAPY01035584.1/271-170	43	45	46	A	C	substitution
AAPY01035584.1/271-170	44	46	47	C	U	substitution
AAPY01035584.1/271-170	45	47	48	C	A	substitution
AAPY01035584.1/271-170	48	50	51	U	C	substitution
AAPY01035584.1/271-170	49	51	52	C	A	substitution
AAPY01035584.1/271-170	50	52	53	U	C	substitution
AAPY01035584.1/271-170	50	53..64	54..108	-	AUAAUCCCUGUG	insert-after-RF-position
AAPY01035584.1/271-170	51	65	109	G	C	substitution
AAPY01035584.1/271-170	52	66	110	G	U	substitution
AAPY01035584.1/271-170	54	68	112	U	G	substitution
AAPY01035584.1/271-170	55	69	113	U	G	substitution
AAPY01035584.1/271-170	72	86	147	C	U	substitution
AAPY01035584.1/271-170	76	90	151	C	U	substitution
AAPY01035584.1/271-170	79	93	154	C	U	substitution
AAPY01035584.1/271-170	80	94	155	A	G	substitution
AAPY01035584.1/271-170	81	95	156	G	A	substitution
AAPY01035584.1/271-170	86	100	161	C	U	substitution
AANU01297565.1/11257-11357	0	1	1	-	G	insert-after-RF-position
AANU01297565.1/11257-11357	3	4	4	C	U	substitution
AANU01297565.1/11257-11357	4	5	5	U	C	substitution
AANU01297565.1/11257-11357	7	8	8	C	A	substitution
AANU01297565.1/11257-11357	8	9	10	U	G	substitution
AANU01297565.1/11257-11357	15	17	18	-	A	insert-after-RF-position
AANU01297565.1/11257-11357	25	27	28	U	C	substitution
AANU01297565.1/11257-11357	28	30	31	G	C	substitution
AANU01297565.1/11257-11357	29	31	32	C	U	substitution
AANU01297565.1/11257-11357	30	32	33	G	C	substitution
AANU01297565.1/11257-11357	31	33	34	U	A	substitution
AANU01297565.1/11257-11357	32	34	35	G	U	substitution
AANU01297565.1/11257-11357	33	35	36	U	G	substitution
AANU01297565.1/11257-11357	35	37	38	A	C	substitution
AANU01297565.1/11257-11357	36	38	39	U	G	substitution
AANU01297565.1/11257-11357	39	41	42	A	C	substitution
AANU01297565.1/11257-11357	40	42	43	A	U	substitution
AANU01297565.1/11257-11357	41	43	44	C	U	substitution
AANU01297565.1/11257-11357	42	44	45	C	U	substitution
AANU01297565.1/11257-11357	43	45	46	A	C	substitution
AANU01297565.1/11257-11357	44	46	47	C	U	substitution
AANU01297565.1/11257-11357	45	47	48	C	A	substitution
AANU01297565.1/11257-11357	46	48	49	U	A	substitution
AANU01297565.1/11257-11357	49	51	52	C	G	substitution
AANU01297565.1/11257-11357	50	53..63	54..64	-	CCAUCUCUGUG	insert-after-RF-position
AANU01297565.1/11257-11357	51	64	109	G	C	substitution
AANU01297565.1/11257-11357	52	65	110	G	U	substitution
AANU01297565.1/11257-11357	54	67	112	U	G	substitution
AANU01297565.1/11257-11357	55	68	113	U	G	substitution
AANU01297565.1/11257-11357	72	85	147	C	U	substitution
AANU01297565.1/11257-11357	76	89	151	C	U	substitution
AANU01297565.1/11257-11357	77	90	152	U	A	substitution
AANU01297565.1/11257-11357	79	92	154	C	U	substitution
AANU01297565.1/11257-11357	80	93	155	A	G	substitution
AANU01297565.1/11257-11357	81	94	156	G	A	substitution
AANU01297565.1/11257-11357	86	99	161	C	U	substitution
AADA01053495.1/13035-13135	0	1	1	-	G	insert-after-RF-position
AADA01053495.1/13035-13135	3	4	4	C	U	substitution
AADA01053495.1/13035-13135	4	5	5	U	C	substitution
AADA01053495.1/13035-13135	7	8	8	C	A	substitution
AADA01053495.1/13035-13135	8	9	10	U	G	substitution
AADA01053495.1/13035-13135	15	17	18	-	A	insert-after-RF-position
AADA01053495.1/13035-13135	25	27	28	U	C	substitution
AADA01053495.1/13035-13135	28	30	31	G	C	substitution
AADA01053495.1/13035-13135	29	31	32	C	U	substitution
AADA01053495.1/13035-13135	30	32	33	G	C	substitution
AADA01053495.1/13035-13135	31	33	34	U	A	substitution
AADA01053495.1/13035-13135	32	34	35	G	U	substitution
AADA01053495.1/13035-13135	33	35	36	U	G	substitution
AADA01053495.1/13035-13135	35	37	38	A	C	substitution
AADA01053495.1/13035-13135	36	38	39	U	G	substitution
AADA01053495.1/13035-13135	37	39	40	C	G	substitution
AADA01053495.1/13035-13135	39	41	42	A	C	substitution
AADA01053495.1/13035-13135	40	42	43	A	U	substitution
AADA01053495.1/13035-13135	41	43	44	C	U	substitution
AADA01053495.1/13035-13135	42	44	45	C	U	substitution
AADA01053495.1/13035-13135	43	45	46	A	C	substitution
AADA01053495.1/13035-13135	44	46	47	C	U	substitution
AADA01053495.1/13035-13135	45	47	48	C	A	substitution
AADA01053495.1/13035-13135	49	51	52	C	G	substitution
AADA01053495.1/13035-13135	50	53..63	54..64	-	CCAUCUCUGUG	insert-after-RF-position
AADA01053495.1/13035-13135	51	64	109	G	C	substitution
AADA01053495.1/13035-13135	52	65	110	G	U	substitution
AADA01053495.1/13035-13135	54	67	112	U	G	substitution
AADA01053495.1/13035-13135	55	68	113	U	G	substitution
AADA01053495.1/13035-13135	72	85	147	C	U	substitution
AADA01053495.1/13035-13135	76	89	151	C	U	substitution
AADA01053495.1/13035-13135	77	90	152	U	A	substitution
AADA01053495.1/13035-13135	79	92	154	C	U	substitution
AADA01053495.1/13035-13135	80	93	155	A	G	substitution
AADA01053495.1/13035-13135	81	94	156	G	A	substitution
AADA01053495.1/13035-13135	86	99	161	C	U	substitution
AC005219.1/49914-50014	0	1	1	-	G	insert-after-RF-position
AC005219.1/49914-50014	3	4	4	C	U	substitution
AC005219.1/49914-50014	4	5	5	U	C	substitution
AC005219.1/49914-50014	7	8	8	C	A	substitution
AC005219.1/49914-50014	8	9	10	U	G	substitution
AC005219.1/49914-50014	15	17	18	-	A	insert-after-RF-position
AC005219.1/49914-50014	25	27	28	U	C	substitution
AC005219.1/49914-50014	28	30	31	G	C	substitution
AC005219.1/49914-50014	29	31	32	C	U	substitution
AC005219.1/49914-50014	30	32	33	G	C	substitution
AC005219.1/49914-50014	31	33	34	U	A	substitution
AC005219.1/49914-50014	32	34	35	G	U	substitution
AC005219.1/49914-50014	33	35	36	U	G	substitution
AC005219.1/49914-50014	35	37	38	A	C	substitution
AC005219.1/49914-50014	36	38	39	U	G	substitution
AC005219.1/49914-50014	37	39	40	C	G	substitution
AC005219.1/49914-50014	39	41	42	A	C	substitution
AC005219.1/49914-50014	40	42	43	A	U	substitution
AC005219.1/49914-50014	41	43	44	C	U	substitution
AC005219.1/49914-50014	42	44	45	C	U	substitution
AC005219.1/49914-50014	43	45	46	A	C	substitution
AC005219.1/49914-50014	44	46	47	C	U	substitution
AC005219.1/49914-50014	45	47	48	C	A	substitution
AC005219.1/49914-50014	49	51	52	C	G	substitution
AC005219.1/49914-50014	50	53..63	54..64	-	CCAUCUCUGUG	insert-after-RF-position
AC005219.1/49914-50014	51	64	109	G	C	substitution
AC005219.1/49914-50014	52	65	110	G	U	substitution
AC005219.1/49914-50014	54	67	112	U	G	substitution
AC005219.1/49914-50014	55	68	113	U	G	substitution
AC005219.1/49914-50014	72	85	147	C	U	substitution
AC005219.1/49914-50014	76	89	151	C	U	substitution
AC005219.1/49914-50014	77	90	152	U	A	substitution
AC005219.1/49914-50014	79	92	154	C	U	substitution
AC005219.1/49914-50014	80	93	155	A	G	substitution
AC005219.1/49914-50014	81	94	156	G	A	substitution
AC005219.1/49914-50014	86	99	161	C	U	substitution
AAFC03124581.1/19885-19976	3	3	4	C	U	substitution
AAFC03124581.1/19885-19976	4	4	5	U	C	substitution
AAFC03124581.1/19885-19976	5	5	6	G	A	substitution
AAFC03124581.1/19885-19976	7	7	8	C	A	substitution
AAFC03124581.1/19885-19976	10	10	12	U	C	substitution
AAFC03124581.1/19885-19976	14	14	16	U	G	substitution
AAFC03124581.1/19885-19976	15	16	18	-	A	insert-after-RF-position
AAFC03124581.1/19885-19976	19	20	22	G	A	substitution
AAFC03124581.1/19885-19976	26	27	29	U	C	substitution
AAFC03124581.1/19885-19976	29	30	32	C	A	substitution
AAFC03124581.1/19885-19976	30	31	33	G	U	substitution
AAFC03124581.1/19885-19976	31	32	34	U	C	substitution
AAFC03124581.1/19885-19976	32	33	35	G	C	substitution
AAFC03124581.1/19885-19976	33	34	36	U	A	substitution
AAFC03124581.1/19885-19976	34	35	37	C	U	substitution
AAFC03124581.1/19885-19976	35	36	38	A	U	substitution
AAFC03124581.1/19885-19976	36	37	39	U	G	substitution
AAFC03124581.1/19885-19976	37	38	40	C	G	substitution
AAFC03124581.1/19885-19976	39	40	42	A	C	substitution
AAFC03124581.1/19885-19976	40	41	43	A	U	substitution
AAFC03124581.1/19885-19976	41	42	44	C	U	substitution
AAFC03124581.1/19885-19976	44	45	47	C	G	substitution
AAFC03124581.1/19885-19976	45	46	48	C	A	substitution
AAFC03124581.1/19885-19976	47	48	50	C	A	substitution
AAFC03124581.1/19885-19976	48	49	51	U	C	substitution
AAFC03124581.1/19885-19976	50	52..54	54..56	-	AUA	insert-after-RF-position
AAFC03124581.1/19885-19976	51	55	109	G	U	substitution
AAFC03124581.1/19885-19976	52	56	110	G	U	substitution
AAFC03124581.1/19885-19976	54	58	112	U	A	substitution
AAFC03124581.1/19885-19976	55	59	113	U	G	substitution
AAFC03124581.1/19885-19976	59	63	117	C	U	substitution
AAFC03124581.1/19885-19976	66	70	141	C	U	substitution
AAFC03124581.1/19885-19976	68	72	143	C	A	substitution
AAFC03124581.1/19885-19976	72	76	147	C	U	substitution
AAFC03124581.1/19885-19976	76	80	151	C	U	substitution
AAFC03124581.1/19885-19976	79	83	154	C	U	substitution
AAFC03124581.1/19885-19976	80	84	155	A	G	substitution
AAFC03124581.1/19885-19976	81	85	156	G	A	substitution
AAFC03124581.1/19885-19976	82	86	157	C	U	substitution
AAFC03124581.1/19885-19976	86	90	161	C	U	substitution
AAIY01676155.1/2446-2346	0	1	1	-	G	insert-after-RF-position
AAIY01676155.1/2446-2346	3	4	4	C	U	substitution
AAIY01676155.1/2446-2346	4	5	5	U	C	substitution
AAIY01676155.1/2446-2346	5	6	6	G	A	substitution
AAIY01676155.1/2446-2346	21	22	24	U	C	substitution
AAIY01676155.1/2446-2346	29	30	32	C	U	substitution
AAIY01676155.1/2446-2346	30	31	33	G	C	substitution
AAIY01676155.1/2446-2346	31	32	34	U	A	substitution
AAIY01676155.1/2446-2346	32	33	35	G	U	substitution
AAIY01676155.1/2446-2346	34	35	37	C	U	substitution
AAIY01676155.1/2446-2346	35	36	38	A	C	substitution
AAIY01676155.1/2446-2346	36	37	39	U	A	substitution
AAIY01676155.1/2446-2346	37	38	40	C	U	substitution
AAIY01676155.1/2446-2346	38	39	41	A	U	substitution
AAIY01676155.1/2446-2346	39	40	42	A	U	substitution
AAIY01676155.1/2446-2346	40	41	43	A	C	substitution
AAIY01676155.1/2446-2346	41	42	44	C	A	substitution
AAIY01676155.1/2446-2346	42	43	45	C	U	substitution
AAIY01676155.1/2446-2346	43	44	46	A	G	substitution
AAIY01676155.1/2446-2346	44	45	47	C	A	substitution
AAIY01676155.1/2446-2346	45	46	48	C	U	substitution
AAIY01676155.1/2446-2346	48	49	51	U	A	substitution
AAIY01676155.1/2446-2346	49	50	52	C	G	substitution
AAIY01676155.1/2446-2346	50	51	53	U	A	substitution
AAIY01676155.1/2446-2346	50	52..63	54..108	-	UCAUCUAACCUU	insert-after-RF-position
AAIY01676155.1/2446-2346	51	64	109	G	U	substitution
AAIY01676155.1/2446-2346	52	65	110	G	U	substitution
AAIY01676155.1/2446-2346	54	67	112	U	G	substitution
AAIY01676155.1/2446-2346	55	68	113	U	G	substitution
AAIY01676155.1/2446-2346	63	76	121	A	G	substitution
AAIY01676155.1/2446-2346	66	79	141	C	U	substitution
AAIY01676155.1/2446-2346	76	89	151	C	U	substitution
AAIY01676155.1/2446-2346	79	92	154	C	U	substitution
AAIY01676155.1/2446-2346	80	93	155	A	G	substitution
AAIY01676155.1/2446-2346	81	94	156	G	A	substitution
AAIY01676155.1/2446-2346	86	99	161	C	U	substitution
AANG01340911.1/391-293	0	1	1	-	G	insert-after-RF-position
AANG01340911.1/391-293	3	4	4	C	U	substitution
AANG01340911.1/391-293	4	5	5	U	C	substitution
AANG01340911.1/391-293	15	17	18	-	A	insert-after-RF-position
AANG01340911.1/391-293	30	32	33	G	A	substitution
AANG01340911.1/391-293	34	36	37	C	G	substitution
AANG01340911.1/391-293	35	37	38	A	G	substitution
AANG01340911.1/391-293	37	39	40	C	U	substitution
AANG01340911.1/391-293	39	41	42	A	C	substitution
AANG01340911.1/391-293	40	42	43	A	U	substitution
AANG01340911.1/391-293	41	43	44	C	A	substitution
AANG01340911.1/391-293	42	44	45	C	A	substitution
AANG01340911.1/391-293	47	49	50	C	U	substitution
AANG01340911.1/391-293	48	50	51	U	C	substitution
AANG01340911.1/391-293	50	52	53	U	A	substitution
AANG01340911.1/391-293	50	53..61	54..62	-	ACCCUCUCG	insert-after-RF-position
AANG01340911.1/391-293	51	62	109	G	U	substitution
AANG01340911.1/391-293	52	63	110	G	U	substitution
AANG01340911.1/391-293	53	64	111	G	A	substitution
AANG01340911.1/391-293	54	65	112	U	G	substitution
AANG01340911.1/391-293	55	66	113	U	G	substitution
AANG01340911.1/391-293	72	83	147	C	U	substitution
AANG01340911.1/391-293	76	87	151	C	U	substitution
AANG01340911.1/391-293	79	90	154	C	U	substitution
AANG01340911.1/391-293	80	91	155	A	G	substitution
AANG01340911.1/391-293	81	92	156	G	A	substitution
AANG01340911.1/391-293	86	97	161	C	U	substitution
AAIY01523309.1/3001-2891	0	1	1	-	G	insert-after-RF-position
AAIY01523309.1/3001-2891	3	4	4	C	U	substitution
AAIY01523309.1/3001-2891	4	5	5	U	C	substitution
AAIY01523309.1/3001-2891	5	6	6	G	A	substitution
AAIY01523309.1/3001-2891	29	30	32	C	U	substitution
AAIY01523309.1/3001-2891	30	31	33	G	C	substitution
AAIY01523309.1/3001-2891	31	32	34	U	A	substitution
AAIY01523309.1/3001-2891	32	33	35	G	A	substitution
AAIY01523309.1/3001-2891	33	34	36	U	G	substitution
AAIY01523309.1/3001-2891	35	36	38	A	U	substitution
AAIY01523309.1/3001-2891	37	38	40	C	G	substitution
AAIY01523309.1/3001-2891	40	41	43	A	U	substitution
AAIY01523309.1/3001-2891	41	42	44	C	U	substitution
AAIY01523309.1/3001-2891	42	43	45	C	A	substitution
AAIY01523309.1/3001-2891	44	45	47	C	U	substitution
AAIY01523309.1/3001-2891	46	47	49	U	A	substitution
AAIY01523309.1/3001-2891	47	48	50	C	U	substitution
AAIY01523309.1/3001-2891	50	51	53	U	C	substitution
AAIY01523309.1/3001-2891	50	52..73	54..108	-	AUGAUUCAGUUCAUCCAACCCC	insert-after-RF-position
AAIY01523309.1/3001-2891	51	74	109	G	U	substitution
AAIY01523309.1/3001-2891	52	75	110	G	U	substitution
AAIY01523309.1/3001-2891	53	76	111	G	A	substitution
AAIY01523309.1/3001-2891	54	77	112	U	G	substitution
AAIY01523309.1/3001-2891	55	78	113	U	G	substitution
AAIY01523309.1/3001-2891	63	86	121	A	G	substitution
AAIY01523309.1/3001-2891	74	97	149	C	A	substitution
AAIY01523309.1/3001-2891	76	99	151	C	U	substitution
AAIY01523309.1/3001-2891	79	102	154	C	U	substitution
AAIY01523309.1/3001-2891	80	103	155	A	G	substitution
AAIY01523309.1/3001-2891	81	104	156	G	A	substitution
AAIY01523309.1/3001-2891	86	109	161	C	U	substitution
Z11765.1/2-89	3	2	4	C	U	substitution
Z11765.1/2-89	4	3	5	U	C	substitution
Z11765.1/2-89	5	4	6	G	A	substitution
Z11765.1/2-89	8	7	10	U	A	substitution
Z11765.1/2-89	9	8	11	U	A	substitution
Z11765.1/2-89	10	9	12	U	C	substitution
Z11765.1/2-89	28	27	31	G	U	substitution
Z11765.1/2-89	31	30	34	U	A	substitution
Z11765.1/2-89	32	31	35	G	C	substitution
Z11765.1/2-89	33	32	36	U	A	substitution
Z11765.1/2-89	35	34	38	A	G	substitution
Z11765.1/2-89	36	35	39	U	G	substitution
Z11765.1/2-89	37	36	40	C	A	substitution
Z11765.1/2-89	39	38	42	A	U	substitution
Z11765.1/2-89	40	39	43	A	U	substitution
Z11765.1/2-89	41	40	44	C	G	substitution
Z11765.1/2-89	42	41	45	C	U	substitution
Z11765.1/2-89	44	43	47	C	A	substitution
Z11765.1/2-89	45	44	48	C	U	substitution
Z11765.1/2-89	49	48	52	C	G	substitution
Z11765.1/2-89	50	49	53	U	A	substitution
Z11765.1/2-89	50	50..56	54..60	-	AAACCUU	insert-after-RF-position
Z11765.1/2-89	51	57	109	G	U	substitution
Z11765.1/2-89	52	58	110	G	C	substitution
Z11765.1/2-89	54	60	112	U	G	substitution
Z11765.1/2-89	55	61	113	U	G	substitution
Z11765.1/2-89	62	68	120	G	A	substitution
Z11765.1/2-89	75	81	150	U	C	substitution
Z11765.1/2-89	76	82	151	C	A	substitution
Z11765.1/2-89	77	83	152	U	C	substitution
Z11765.1/2-89	79	85	154	C	U	substitution
Z11765.1/2-89	80	86	155	A	G	substitution
Z11765.1/2-89	81	87	156	G	A	substitution
Z11770.1/2-94	3	2	4	C	U	substitution
Z11770.1/2-94	4	3	5	U	C	substitution
Z11770.1/2-94	5	4	6	G	A	substitution
Z11770.1/2-94	8	7	10	U	A	substitution
Z11770.1/2-94	9	8	11	U	A	substitution
Z11770.1/2-94	10	9	12	U	C	substitution
Z11770.1/2-94	28	27	31	G	U	substitution
Z11770.1/2-94	31	30	34	U	A	substitution
Z11770.1/2-94	32	31	35	G	A	substitution
Z11770.1/2-94	33	32	36	U	A	substitution
Z11770.1/2-94	34	33	37	C	U	substitution
Z11770.1/2-94	36	35	39	U	C	substitution
Z11770.1/2-94	39	38	42	A	C	substitution
Z11770.1/2-94	40	39	43	A	G	substitution
Z11770.1/2-94	41	40	44	C	G	substitution
Z11770.1/2-94	42	41	45	C	A	substitution
Z11770.1/2-94	44	43	47	C	U	substitution
Z11770.1/2-94	45	44	48	C	U	substitution
Z11770.1/2-94	46	45	49	U	G	substitution
Z11770.1/2-94	47	46	50	C	U	substitution
Z11770.1/2-94	48	47	51	U	A	substitution
Z11770.1/2-94	49	48	52	C	A	substitution
Z11770.1/2-94	50	50..61	54..108	-	UCUGAAAACCUU	insert-after-RF-position
Z11770.1/2-94	51	62	109	G	U	substitution
Z11770.1/2-94	52	63	110	G	C	substitution
Z11770.1/2-94	54	65	112	U	G	substitution
Z11770.1/2-94	55	66	113	U	G	substitution
Z11770.1/2-94	62	73	120	G	A	substitution
Z11770.1/2-94	75	86	150	U	C	substitution
Z11770.1/2-94	76	87	151	C	A	substitution
Z11770.1/2-94	77	88	152	U	C	substitution
Z11770.1/2-94	79	90	154	C	U	substitution
Z11770.1/2-94	80	91	155	A	G	substitution
Z11770.1/2-94	81	92	156	G	A	substitution
AAFR03013168.1/17587-17486	0	1	1	-	G	insert-after-RF-position
AAFR03013168.1/17587-17486	4	5	5	U	C	substitution
AAFR03013168.1/17587-17486	7	9	9	-	U	insert-after-RF-position
AAFR03013168.1/17587-17486	14	16	16	U	C	substitution
AAFR03013168.1/17587-17486	23	25	26	A	C	substitution
AAFR03013168.1/17587-17486	29	31	32	C	G	substitution
AAFR03013168.1/17587-17486	30	32	33	G	C	substitution
AAFR03013168.1/17587-17486	31	33	34	U	A	substitution
AAFR03013168.1/17587-17486	32	34	35	G	U	substitution
AAFR03013168.1/17587-17486	34	36	37	C	U	substitution
AAFR03013168.1/17587-17486	35	37	38	A	C	substitution
AAFR03013168.1/17587-17486	36	38	39	U	A	substitution
AAFR03013168.1/17587-17486	37	39	40	C	G	substitution
AAFR03013168.1/17587-17486	40	42	43	A	C	substitution
AAFR03013168.1/17587-17486	41	43	44	C	A	substitution
AAFR03013168.1/17587-17486	42	44	45	C	U	substitution
AAFR03013168.1/17587-17486	43	45	46	A	U	substitution
AAFR03013168.1/17587-17486	44	46	47	C	U	substitution
AAFR03013168.1/17587-17486	46	48	49	U	C	substitution
AAFR03013168.1/17587-17486	47	49	50	C	U	substitution
AAFR03013168.1/17587-17486	48	50	51	U	G	substitution
AAFR03013168.1/17587-17486	50	53..64	54..108	-	CUGACUAACGUU	insert-after-RF-position
AAFR03013168.1/17587-17486	51	65	109	G	A	substitution
AAFR03013168.1/17587-17486	52	66	110	G	A	substitution
AAFR03013168.1/17587-17486	54	68	112	U	G	substitution
AAFR03013168.1/17587-17486	55	69	113	U	C	substitution
AAFR03013168.1/17587-17486	63	77	121	A	C	substitution
AAFR03013168.1/17587-17486	76	90	151	C	U	substitution
AAFR03013168.1/17587-17486	77	91	152	U	C	substitution
AAFR03013168.1/17587-17486	79	93	154	C	U	substitution
AAFR03013168.1/17587-17486	80	94	155	A	G	substitution
AAFR03013168.1/17587-17486	86	100	161	C	U	substitution
AABS01000020.1/180914-180809	0	1	1	-	G	insert-after-RF-position
AABS01000020.1/180914-180809	1	2	2	G	C	substitution
AABS01000020.1/180914-180809	3	4	4	C	U	substitution
AABS01000020.1/180914-180809	4	5	5	U	C	substitution
AABS01000020.1/180914-180809	8	8	10	U	-	deletion
AABS01000020.1/180914-180809	14	14	16	U	C	substitution
AABS01000020.1/180914-180809	15	15	17	C	U	substitution
AABS01000020.1/180914-180809	18	18	21	C	U	substitution
AABS01000020.1/180914-180809	28	28	31	G	A	substitution
AABS01000020.1/180914-180809	30	30	33	G	U	substitution
AABS01000020.1/180914-180809	32	32	35	G	C	substitution
AABS01000020.1/180914-180809	33	33	36	U	A	substitution
AABS01000020.1/180914-180809	36	36	39	U	A	substitution
AABS01000020.1/180914-180809	38	38	41	A	C	substitution
AABS01000020.1/180914-180809	39	39	42	A	U	substitution
AABS01000020.1/180914-180809	40	40	43	A	U	substitution
AABS01000020.1/180914-180809	41	41	44	C	U	substitution
AABS01000020.1/180914-180809	42	42	45	C	G	substitution
AABS01000020.1/180914-180809	43	43	46	A	U	substitution
AABS01000020.1/180914-180809	45	45	48	C	U	substitution
AABS01000020.1/180914-180809	46	46	49	U	G	substitution
AABS01000020.1/180914-180809	47	47	50	C	A	substitution
AABS01000020.1/180914-180809	48	48	51	U	C	substitution
AABS01000020.1/180914-180809	49	49	52	C	A	substitution
AABS01000020.1/180914-180809	50	50	53	U	C	substitution
AABS01000020.1/180914-180809	50	51..56	54..59	-	AAAGUU	insert-after-RF-position
AABS01000020.1/180914-180809	51	57	109	G	C	substitution
AABS01000020.1/180914-180809	53	59	111	G	U	substitution
AABS01000020.1/180914-180809	54	60	112	U	G	substitution
AABS01000020.1/180914-180809	55	61	113	U	G	substitution
AABS01000020.1/180914-180809	57	63	115	U	C	substitution
AABS01000020.1/180914-180809	62	68	120	G	A	substitution
AABS01000020.1/180914-180809	63	69	121	A	G	substitution
AABS01000020.1/180914-180809	64	71..82	123..139	-	CCACCCCUACCA	insert-after-RF-position
AABS01000020.1/180914-180809	67	85	142	G	A	substitution
AABS01000020.1/180914-180809	75	93	150	U	A	substitution
AABS01000020.1/180914-180809	76	94	151	C	G	substitution
AABS01000020.1/180914-180809	77	95	152	U	C	substitution
AABS01000020.1/180914-180809	80	98	155	A	G	substitution
AABS01000020.1/180914-180809	82	100	157	C	U	substitution
AABS01000020.1/180914-180809	83	101	158	C	G	substitution
AABS01000020.1/180914-180809	85	103	160	U	C	substitution
AABS01000020.1/180914-180809	86	104	161	C	A	substitution
AABS01000020.1/180914-180809	87	105	162	U	C	substitution
AABS01000153.1/65061-65164	0	1	1	-	G	insert-after-RF-position
AABS01000153.1/65061-65164	1	2	2	G	A	substitution
AABS01000153.1/65061-65164	3	4	4	C	U	substitution
AABS01000153.1/65061-65164	4	5	5	U	C	substitution
AABS01000153.1/65061-65164	5	6	6	G	A	substitution
AABS01000153.1/65061-65164	8	8	10	U	-	deletion
AABS01000153.1/65061-65164	14	14	16	U	C	substitution
AABS01000153.1/65061-65164	15	15	17	C	U	substitution
AABS01000153.1/65061-65164	18	18	21	C	U	substitution
AABS01000153.1/65061-65164	28	28	31	G	A	substitution
AABS01000153.1/65061-65164	30	30	33	G	U	substitution
AABS01000153.1/65061-65164	33	33	36	U	A	substitution
AABS01000153.1/65061-65164	34	34	37	C	A	substitution
AABS01000153.1/65061-65164	36	36	39	U	C	substitution
AABS01000153.1/65061-65164	37	37	40	C	A	substitution
AABS01000153.1/65061-65164	39	39	42	A	U	substitution
AABS01000153.1/65061-65164	40	40	43	A	U	substitution
AABS01000153.1/65061-65164	42	42	45	C	A	substitution
AABS01000153.1/65061-65164	43	43	46	A	U	substitution
AABS01000153.1/65061-65164	45	45	48	C	A	substitution
AABS01000153.1/65061-65164	46	46	49	U	A	substitution
AABS01000153.1/65061-65164	47	47	50	C	U	substitution
AABS01000153.1/65061-65164	49	49	52	C	G	substitution
AABS01000153.1/65061-65164	51	51	109	G	U	substitution
AABS01000153.1/65061-65164	53	53	111	G	U	substitution
AABS01000153.1/65061-65164	54	54	112	U	G	substitution
AABS01000153.1/65061-65164	55	55	113	U	G	substitution
AABS01000153.1/65061-65164	62	62	120	G	A	substitution
AABS01000153.1/65061-65164	63	63	121	A	U	substitution
AABS01000153.1/65061-65164	64	65..81	123..139	-	CGUCCCCACCCCUUCCA	insert-after-RF-position
AABS01000153.1/65061-65164	67	84	142	G	A	substitution
AABS01000153.1/65061-65164	75	92	150	U	C	substitution
AABS01000153.1/65061-65164	76	93	151	C	G	substitution
AABS01000153.1/65061-65164	79	96	154	C	U	substitution
AABS01000153.1/65061-65164	80	97	155	A	G	substitution
AABS01000153.1/65061-65164	81	98	156	G	A	substitution
AABS01000153.1/65061-65164	84	101	159	C	A	substitution
AABS01000153.1/65061-65164	86	103	161	C	U	substitution
AACT01010020.1/5401-5301	0	1	1	-	A	insert-after-RF-position
AACT01010020.1/5401-5301	1	2	2	G	U	substitution
AACT01010020.1/5401-5301	2	3	3	G	A	substitution
AACT01010020.1/5401-5301	4	5	5	U	C	substitution
AACT01010020.1/5401-5301	8	8	10	U	-	deletion
AACT01010020.1/5401-5301	14	14	16	U	C	substitution
AACT01010020.1/5401-5301	15	15	17	C	U	substitution
AACT01010020.1/5401-5301	18	18	21	C	U	substitution
AACT01010020.1/5401-5301	28	28	31	G	U	substitution
AACT01010020.1/5401-5301	29	29	32	C	A	substitution
AACT01010020.1/5401-5301	30	30	33	G	A	substitution
AACT01010020.1/5401-5301	31	31	34	U	A	substitution
AACT01010020.1/5401-5301	32	32	35	G	U	substitution
AACT01010020.1/5401-5301	33	33	36	U	G	substitution
AACT01010020.1/5401-5301	34	34	37	C	A	substitution
AACT01010020.1/5401-5301	37	37	40	C	A	substitution
AACT01010020.1/5401-5301	38	38	41	A	C	substitution
AACT01010020.1/5401-5301	40	40	43	A	C	substitution
AACT01010020.1/5401-5301	41	41	44	C	U	substitution
AACT01010020.1/5401-5301	43	43	46	A	U	substitution
AACT01010020.1/5401-5301	44	44	47	C	G	substitution
AACT01010020.1/5401-5301	45	45	48	C	U	substitution
AACT01010020.1/5401-5301	46	46	49	U	C	substitution
AACT01010020.1/5401-5301	48	48	51	U	A	substitution
AACT01010020.1/5401-5301	49	49	52	C	G	substitution
AACT01010020.1/5401-5301	50	51..53	54..56	-	GAU	insert-after-RF-position
AACT01010020.1/5401-5301	51	54	109	G	U	substitution
AACT01010020.1/5401-5301	52	55	110	G	C	substitution
AACT01010020.1/5401-5301	53	56	111	G	U	substitution
AACT01010020.1/5401-5301	54	57	112	U	G	substitution
AACT01010020.1/5401-5301	55	58	113	U	G	substitution
AACT01010020.1/5401-5301	60	63	118	G	A	substitution
AACT01010020.1/5401-5301	61	64	119	A	C	substitution
AACT01010020.1/5401-5301	62	65	120	G	C	substitution
AACT01010020.1/5401-5301	64	68..77	123..139	-	CCACCCCACA	insert-after-RF-position
AACT01010020.1/5401-5301	67	80	142	G	A	substitution
AACT01010020.1/5401-5301	75	88	150	U	C	substitution
AACT01010020.1/5401-5301	76	89	151	C	G	substitution
AACT01010020.1/5401-5301	80	93	155	A	G	substitution
AACT01010020.1/5401-5301	82	95	157	C	U	substitution
AACT01010020.1/5401-5301	83	96	158	C	A	substitution
AACT01010020.1/5401-5301	84	97	159	C	U	substitution
AACT01010020.1/5401-5301	85	98	160	U	C	substitution
AACT01010020.1/5401-5301	86	99	161	C	U	substitution
CAAE01015120.1/740254-740351	0	1	1	-	G	insert-after-RF-position
CAAE01015120.1/740254-740351	1	2	2	G	C	substitution
CAAE01015120.1/740254-740351	7	7	8	C	-	deletion
CAAE01015120.1/740254-740351	18	18	21	C	U	substitution
CAAE01015120.1/740254-740351	28	28	31	G	A	substitution
CAAE01015120.1/740254-740351	30	30	33	G	C	substitution
CAAE01015120.1/740254-740351	31	31	34	U	A	substitution
CAAE01015120.1/740254-740351	32	32	35	G	C	substitution
CAAE01015120.1/740254-740351	33	33	36	U	A	substitution
CAAE01015120.1/740254-740351	34	34	37	C	A	substitution
CAAE01015120.1/740254-740351	38	38	41	A	C	substitution
CAAE01015120.1/740254-740351	39	39	42	A	U	substitution
CAAE01015120.1/740254-740351	40	40	43	A	U	substitution
CAAE01015120.1/740254-740351	41	41	44	C	U	substitution
CAAE01015120.1/740254-740351	42	42	45	C	G	substitution
CAAE01015120.1/740254-740351	43	43	46	A	G	substitution
CAAE01015120.1/740254-740351	44	44	47	C	A	substitution
CAAE01015120.1/740254-740351	45	45	48	C	U	substitution
CAAE01015120.1/740254-740351	47	47	50	C	U	substitution
CAAE01015120.1/740254-740351	48	48	51	U	C	substitution
CAAE01015120.1/740254-740351	49	49	52	C	G	substitution
CAAE01015120.1/740254-740351	50	50	53	U	C	substitution
CAAE01015120.1/740254-740351	50	51..62	54..108	-	GGUCUCCUCCCA	insert-after-RF-position
CAAE01015120.1/740254-740351	51	63	109	G	A	substitution
CAAE01015120.1/740254-740351	52	64	110	G	C	substitution
CAAE01015120.1/740254-740351	53	65	111	G	U	substitution
CAAE01015120.1/740254-740351	54	66	112	U	G	substitution
CAAE01015120.1/740254-740351	55	67	113	U	G	substitution
CAAE01015120.1/740254-740351	57	69	115	U	A	substitution
CAAE01015120.1/740254-740351	60	72	118	G	C	substitution
CAAE01015120.1/740254-740351	62	74	120	G	A	substitution
CAAE01015120.1/740254-740351	63..64	74	121..122	AC	-	deletion
CAAE01015120.1/740254-740351	67	77	142	G	A	substitution
CAAE01015120.1/740254-740351	76	86	151	C	G	substitution
CAAE01015120.1/740254-740351	77	87	152	U	C	substitution
CAAE01015120.1/740254-740351	78	88	153	C	U	substitution
CAAE01015120.1/740254-740351	83	93	158	C	G	substitution
CAAE01015120.1/740254-740351	84	94	159	C	U	substitution
CAAE01015120.1/740254-740351	86	96	161	C	U	substitution
BAAF04090272.1/3579-3481	0	1	1	-	G	insert-after-RF-position
BAAF04090272.1/3579-3481	1	2	2	G	C	substitution
BAAF04090272.1/3579-3481	2	3	3	G	A	substitution
BAAF04090272.1/3579-3481	7	7	8	C	-	deletion
BAAF04090272.1/3579-3481	28	28	31	G	A	substitution
BAAF04090272.1/3579-3481	29	29	32	C	A	substitution
BAAF04090272.1/3579-3481	30	30	33	G	C	substitution
BAAF04090272.1/3579-3481	32	32	35	G	C	substitution
BAAF04090272.1/3579-3481	33	33	36	U	A	substitution
BAAF04090272.1/3579-3481	34	34	37	C	A	substitution
BAAF04090272.1/3579-3481	35	35	38	A	C	substitution
BAAF04090272.1/3579-3481	38	38	41	A	U	substitution
BAAF04090272.1/3579-3481	39	39	42	A	U	substitution
BAAF04090272.1/3579-3481	40	40	43	A	U	substitution
BAAF04090272.1/3579-3481	41	41	44	C	U	substitution
BAAF04090272.1/3579-3481	42	42	45	C	G	substitution
BAAF04090272.1/3579-3481	44	44	47	C	A	substitution
BAAF04090272.1/3579-3481	45	45	48	C	G	substitution
BAAF04090272.1/3579-3481	46	46	49	U	A	substitution
BAAF04090272.1/3579-3481	47	47	50	C	U	substitution
BAAF04090272.1/3579-3481	49	49	52	C	A	substitution
BAAF04090272.1/3579-3481	50	50	53	U	C	substitution
BAAF04090272.1/3579-3481	50	51..62	54..108	-	ACUUUUACCCUU	insert-after-RF-position
BAAF04090272.1/3579-3481	51	63	109	G	U	substitution
BAAF04090272.1/3579-3481	52	64	110	G	C	substitution
BAAF04090272.1/3579-3481	53	65	111	G	U	substitution
BAAF04090272.1/3579-3481	54	66	112	U	G	substitution
BAAF04090272.1/3579-3481	55	67	113	U	G	substitution
BAAF04090272.1/3579-3481	59	71	117	C	U	substitution
BAAF04090272.1/3579-3481	62	74	120	G	A	substitution
BAAF04090272.1/3579-3481	64	75	122	C	-	deletion
BAAF04090272.1/3579-3481	67	78	142	G	A	substitution
BAAF04090272.1/3579-3481	71	82	146	G	C	substitution
BAAF04090272.1/3579-3481	76	87	151	C	G	substitution
BAAF04090272.1/3579-3481	78	89	153	C	U	substitution
BAAF04090272.1/3579-3481	82	93	157	C	U	substitution
BAAF04090272.1/3579-3481	83	94	158	C	G	substitution
BAAF04090272.1/3579-3481	85	96	160	U	A	substitution
BAAF04090272.1/3579-3481	86	97	161	C	U	substitution
BX663520.9/47050-47141	0	1	1	-	A	insert-after-RF-position
BX663520.9/47050-47141	1	2	2	G	C	substitution
BX663520.9/47050-47141	7..8	7	8..10	CU	-	deletion
BX663520.9/47050-47141	18	17	21	C	U	substitution
BX663520.9/47050-47141	28	27	31	G	C	substitution
BX663520.9/47050-47141	29	28	32	C	G	substitution
BX663520.9/47050-47141	30	29	33	G	A	substitution
BX663520.9/47050-47141	31	30	34	U	A	substitution
BX663520.9/47050-47141	32	31	35	G	A	substitution
BX663520.9/47050-47141	33	32	36	U	A	substitution
BX663520.9/47050-47141	34	33	37	C	U	substitution
BX663520.9/47050-47141	35	34	38	A	C	substitution
BX663520.9/47050-47141	37	36	40	C	U	substitution
BX663520.9/47050-47141	39	38	42	A	C	substitution
BX663520.9/47050-47141	40	39	43	A	U	substitution
BX663520.9/47050-47141	41	40	44	C	G	substitution
BX663520.9/47050-47141	42	41	45	C	U	substitution
BX663520.9/47050-47141	43	42	46	A	U	substitution
BX663520.9/47050-47141	44	43	47	C	G	substitution
BX663520.9/47050-47141	45	44	48	C	A	substitution
BX663520.9/47050-47141	47	46	50	C	U	substitution
BX663520.9/47050-47141	50	50..56	54..60	-	CUCCCGU	insert-after-RF-position
BX663520.9/47050-47141	51	57	109	G	C	substitution
BX663520.9/47050-47141	52	58	110	G	A	substitution
BX663520.9/47050-47141	53	59	111	G	U	substitution
BX663520.9/47050-47141	54	60	112	U	G	substitution
BX663520.9/47050-47141	55	61	113	U	G	substitution
BX663520.9/47050-47141	57	63	115	U	A	substitution
BX663520.9/47050-47141	62	68	120	G	A	substitution
BX663520.9/47050-47141	63..64	68	121..122	AC	-	deletion
BX663520.9/47050-47141	67	71	142	G	A	substitution
BX663520.9/47050-47141	73	77	148	G	A	substitution
BX663520.9/47050-47141	75	79	150	U	C	substitution
BX663520.9/47050-47141	76	80	151	C	G	substitution
BX663520.9/47050-47141	83	87	158	C	G	substitution
BX663520.9/47050-47141	84	88	159	C	U	substitution
BX663520.9/47050-47141	86	90	161	C	U	substitution
BX663520.9/47050-47141	88	92	163	U	C	substitution
DQ986918.1/68217-68269	0	1	1	-	G	insert-after-RF-position
DQ986918.1/68217-68269	1	2	2	G	C	substitution
DQ986918.1/68217-68269	4	5	5	U	C	substitution
DQ986918.1/68217-68269	7	7	8	C	-	deletion
DQ986918.1/68217-68269	18	18	21	C	U	substitution
DQ986918.1/68217-68269	20	20	23	G	C	substitution
DQ986918.1/68217-68269	22	22	25	U	A	substitution
DQ986918.1/68217-68269	23..50	22	26..53	ACUUCGCGUGUCAUCAAACCACCUCUCU	-	deletion
DQ986918.1/68217-68269	53	25	111	G	U	substitution
DQ986918.1/68217-68269	55	27	113	U	C	substitution
DQ986918.1/68217-68269	57	29	115	U	A	substitution
DQ986918.1/68217-68269	58..64	29	116..122	UCGAGAC	-	deletion
DQ986918.1/68217-68269	67	32	142	G	A	substitution
DQ986918.1/68217-68269	70	35	145	G	A	substitution
DQ986918.1/68217-68269	76	41	151	C	G	substitution
DQ986918.1/68217-68269	79	44	154	C	U	substitution
DQ986918.1/68217-68269	80	45	155	A	G	substitution
DQ986918.1/68217-68269	83	48	158	C	G	substitution
DQ986918.1/68217-68269	84	49	159	C	U	substitution
DQ986918.1/68217-68269	86	51	161	C	U	substitution
DQ986918.1/68217-68269	88	53	163	U	G	substitution
CAAE01009081.1/10241-10331	0	1	1	-	G	insert-after-RF-position
CAAE01009081.1/10241-10331	1	2	2	G	C	substitution
CAAE01009081.1/10241-10331	4	5	5	U	C	substitution
CAAE01009081.1/10241-10331	7	7	8	C	-	deletion
CAAE01009081.1/10241-10331	18	18	21	C	U	substitution
CAAE01009081.1/10241-10331	28	28	31	G	U	substitution
CAAE01009081.1/10241-10331	29	29	32	C	U	substitution
CAAE01009081.1/10241-10331	31	31	34	U	A	substitution
CAAE01009081.1/10241-10331	32	32	35	G	A	substitution
CAAE01009081.1/10241-10331	33	33	36	U	G	substitution
CAAE01009081.1/10241-10331	34	34	37	C	U	substitution
CAAE01009081.1/10241-10331	35	35	38	A	U	substitution
CAAE01009081.1/10241-10331	36	36	39	U	C	substitution
CAAE01009081.1/10241-10331	38	38	41	A	C	substitution
CAAE01009081.1/10241-10331	39	39	42	A	G	substitution
CAAE01009081.1/10241-10331	40	40	43	A	C	substitution
CAAE01009081.1/10241-10331	41	41	44	C	U	substitution
CAAE01009081.1/10241-10331	42	42	45	C	U	substitution
CAAE01009081.1/10241-10331	43	43	46	A	G	substitution
CAAE01009081.1/10241-10331	45	45	48	C	G	substitution
CAAE01009081.1/10241-10331	46	46	49	U	G	substitution
CAAE01009081.1/10241-10331	50	50	53	U	G	substitution
CAAE01009081.1/10241-10331	50	51..57	54..60	-	CGCGGGC	insert-after-RF-position
CAAE01009081.1/10241-10331	51	58	109	G	U	substitution
CAAE01009081.1/10241-10331	53	60	111	G	C	substitution
CAAE01009081.1/10241-10331	54	61	112	U	G	substitution
CAAE01009081.1/10241-10331	55	62	113	U	G	substitution
CAAE01009081.1/10241-10331	61..64	67	119..122	AGAC	-	deletion
CAAE01009081.1/10241-10331	67	70	142	G	A	substitution
CAAE01009081.1/10241-10331	76	79	151	C	G	substitution
CAAE01009081.1/10241-10331	77	80	152	U	C	substitution
CAAE01009081.1/10241-10331	80	83	155	A	G	substitution
CAAE01009081.1/10241-10331	83	86	158	C	G	substitution
CAAE01009081.1/10241-10331	84	87	159	C	U	substitution
CAAE01009081.1/10241-10331	86	89	161	C	U	substitution
CAAE01009081.1/10241-10331	88	91	163	U	G	substitution
AANH01005876.1/66236-66335	0	1	1	-	G	insert-after-RF-position
AANH01005876.1/66236-66335	1	2	2	G	C	substitution
AANH01005876.1/66236-66335	3	4	4	C	U	substitution
AANH01005876.1/66236-66335	4	5	5	U	C	substitution
AANH01005876.1/66236-66335	7	7	8	C	-	deletion
AANH01005876.1/66236-66335	18	18	21	C	U	substitution
AANH01005876.1/66236-66335	28	28	31	G	U	substitution
AANH01005876.1/66236-66335	29	29	32	C	A	substitution
AANH01005876.1/66236-66335	30	30	33	G	C	substitution
AANH01005876.1/66236-66335	31	31	34	U	A	substitution
AANH01005876.1/66236-66335	32	32	35	G	A	substitution
AANH01005876.1/66236-66335	35	35	38	A	C	substitution
AANH01005876.1/66236-66335	36	36	39	U	A	substitution
AANH01005876.1/66236-66335	38	38	41	A	G	substitution
AANH01005876.1/66236-66335	39	39	42	A	U	substitution
AANH01005876.1/66236-66335	41	41	44	C	U	substitution
AANH01005876.1/66236-66335	43	43	46	A	U	substitution
AANH01005876.1/66236-66335	44	44	47	C	U	substitution
AANH01005876.1/66236-66335	45	45	48	C	U	substitution
AANH01005876.1/66236-66335	46	46	49	U	C	substitution
AANH01005876.1/66236-66335	47	47	50	C	U	substitution
AANH01005876.1/66236-66335	48	48	51	U	C	substitution
AANH01005876.1/66236-66335	49	49	52	C	U	substitution
AANH01005876.1/66236-66335	50	50	53	U	G	substitution
AANH01005876.1/66236-66335	50	51..65	54..108	-	ACGGGCUGCUGUCCG	insert-after-RF-position
AANH01005876.1/66236-66335	51	66	109	G	U	substitution
AANH01005876.1/66236-66335	52	67	110	G	C	substitution
AANH01005876.1/66236-66335	54	69	112	U	G	substitution
AANH01005876.1/66236-66335	55	70	113	U	A	substitution
AANH01005876.1/66236-66335	57	72	115	U	A	substitution
AANH01005876.1/66236-66335	62..64	76	120..122	GAC	-	deletion
AANH01005876.1/66236-66335	67	79	142	G	A	substitution
AANH01005876.1/66236-66335	76	88	151	C	G	substitution
AANH01005876.1/66236-66335	80	92	155	A	G	substitution
AANH01005876.1/66236-66335	81	93	156	G	A	substitution
AANH01005876.1/66236-66335	82	94	157	C	U	substitution
AANH01005876.1/66236-66335	83	95	158	C	G	substitution
AANH01005876.1/66236-66335	86	98	161	C	U	substitution
BAAF04125921.1/125-27	0	1	1	-	G	insert-after-RF-position
BAAF04125921.1/125-27	1	2	2	G	C	substitution
BAAF04125921.1/125-27	2	3	3	G	A	substitution
BAAF04125921.1/125-27	3	4	4	C	U	substitution
BAAF04125921.1/125-27	4	5	5	U	C	substitution
BAAF04125921.1/125-27	7	7	8	C	-	deletion
BAAF04125921.1/125-27	18	18	21	C	U	substitution
BAAF04125921.1/125-27	28	28	31	G	C	substitution
BAAF04125921.1/125-27	29	29	32	C	A	substitution
BAAF04125921.1/125-27	30	30	33	G	A	substitution
BAAF04125921.1/125-27	31	31	34	U	C	substitution
BAAF04125921.1/125-27	32	32	35	G	A	substitution
BAAF04125921.1/125-27	33	33	36	U	A	substitution
BAAF04125921.1/125-27	34	34	37	C	U	substitution
BAAF04125921.1/125-27	35	35	38	A	C	substitution
BAAF04125921.1/125-27	36	36	39	U	G	substitution
BAAF04125921.1/125-27	37	37	40	C	A	substitution
BAAF04125921.1/125-27	38	38	41	A	C	substitution
BAAF04125921.1/125-27	40	40	43	A	G	substitution
BAAF04125921.1/125-27	41	41	44	C	U	substitution
BAAF04125921.1/125-27	42	42	45	C	U	substitution
BAAF04125921.1/125-27	43	43	46	A	G	substitution
BAAF04125921.1/125-27	44	44	47	C	U	substitution
BAAF04125921.1/125-27	46	46	49	U	C	substitution
BAAF04125921.1/125-27	47	47	50	C	U	substitution
BAAF04125921.1/125-27	49	49	52	C	U	substitution
BAAF04125921.1/125-27	50	50	53	U	G	substitution
BAAF04125921.1/125-27	50	51..64	54..108	-	ACGAUCCGCGGGUU	insert-after-RF-position
BAAF04125921.1/125-27	52	66	110	G	U	substitution
BAAF04125921.1/125-27	53	67	111	G	C	substitution
BAAF04125921.1/125-27	54	68	112	U	A	substitution
BAAF04125921.1/125-27	55	69	113	U	A	substitution
BAAF04125921.1/125-27	62..64	75	120..122	GAC	-	deletion
BAAF04125921.1/125-27	67	78	142	G	A	substitution
BAAF04125921.1/125-27	76	87	151	C	G	substitution
BAAF04125921.1/125-27	80	91	155	A	G	substitution
BAAF04125921.1/125-27	81	92	156	G	A	substitution
BAAF04125921.1/125-27	82	93	157	C	U	substitution
BAAF04125921.1/125-27	83	94	158	C	G	substitution
BAAF04125921.1/125-27	84	95	159	C	U	substitution
BAAF04125921.1/125-27	86	97	161	C	U	substitution
AANH01005876.1/65973-65874	0	1	1	-	G	insert-after-RF-position
AANH01005876.1/65973-65874	1	2	2	G	C	substitution
AANH01005876.1/65973-65874	3	4	4	C	U	substitution
AANH01005876.1/65973-65874	4	5	5	U	C	substitution
AANH01005876.1/65973-65874	7	7	8	C	-	deletion
AANH01005876.1/65973-65874	18	18	21	C	U	substitution
AANH01005876.1/65973-65874	28	28	31	G	U	substitution
AANH01005876.1/65973-65874	29	29	32	C	G	substitution
AANH01005876.1/65973-65874	32	32	35	G	C	substitution
AANH01005876.1/65973-65874	33	33	36	U	A	substitution
AANH01005876.1/65973-65874	34	34	37	C	U	substitution
AANH01005876.1/65973-65874	35	35	38	A	G	substitution
AANH01005876.1/65973-65874	37	37	40	C	G	substitution
AANH01005876.1/65973-65874	38	38	41	A	U	substitution
AANH01005876.1/65973-65874	39	39	42	A	U	substitution
AANH01005876.1/65973-65874	40	40	43	A	U	substitution
AANH01005876.1/65973-65874	41	41	44	C	G	substitution
AANH01005876.1/65973-65874	43	43	46	A	C	substitution
AANH01005876.1/65973-65874	44	44	47	C	U	substitution
AANH01005876.1/65973-65874	45	45	48	C	U	substitution
AANH01005876.1/65973-65874	46	46	49	U	C	substitution
AANH01005876.1/65973-65874	48	48	51	U	C	substitution
AANH01005876.1/65973-65874	49	49	52	C	U	substitution
AANH01005876.1/65973-65874	50	50	53	U	C	substitution
AANH01005876.1/65973-65874	50	51..65	54..108	-	GGGCUCUUCUGGGGC	insert-after-RF-position
AANH01005876.1/65973-65874	51	66	109	G	C	substitution
AANH01005876.1/65973-65874	52	67	110	G	C	substitution
AANH01005876.1/65973-65874	53	68	111	G	U	substitution
AANH01005876.1/65973-65874	54	69	112	U	G	substitution
AANH01005876.1/65973-65874	55	70	113	U	A	substitution
AANH01005876.1/65973-65874	62..64	76	120..122	GAC	-	deletion
AANH01005876.1/65973-65874	67	79	142	G	A	substitution
AANH01005876.1/65973-65874	76	88	151	C	G	substitution
AANH01005876.1/65973-65874	80	92	155	A	G	substitution
AANH01005876.1/65973-65874	81	93	156	G	A	substitution
AANH01005876.1/65973-65874	82	94	157	C	U	substitution
AANH01005876.1/65973-65874	83	95	158	C	G	substitution
AANH01005876.1/65973-65874	85	97	160	U	A	substitution
AANH01005876.1/65973-65874	86	98	161	C	U	substitution
AANH01005876.1/66956-66857	0	1	1	-	G	insert-after-RF-position
AANH01005876.1/66956-66857	1	2	2	G	C	substitution
AANH01005876.1/66956-66857	2	3	3	G	A	substitution
AANH01005876.1/66956-66857	3	4	4	C	U	substitution
AANH01005876.1/66956-66857	4	5	5	U	C	substitution
AANH01005876.1/66956-66857	7	7	8	C	-	deletion
AANH01005876.1/66956-66857	18	18	21	C	U	substitution
AANH01005876.1/66956-66857	28	28	31	G	C	substitution
AANH01005876.1/66956-66857	29	29	32	C	A	substitution
AANH01005876.1/66956-66857	30	30	33	G	A	substitution
AANH01005876.1/66956-66857	31	31	34	U	A	substitution
AANH01005876.1/66956-66857	32	32	35	G	C	substitution
AANH01005876.1/66956-66857	33	33	36	U	A	substitution
AANH01005876.1/66956-66857	34	34	37	C	U	substitution
AANH01005876.1/66956-66857	35	35	38	A	G	substitution
AANH01005876.1/66956-66857	36	36	39	U	A	substitution
AANH01005876.1/66956-66857	37	37	40	C	G	substitution
AANH01005876.1/66956-66857	38	38	41	A	U	substitution
AANH01005876.1/66956-66857	39	39	42	A	U	substitution
AANH01005876.1/66956-66857	40	40	43	A	U	substitution
AANH01005876.1/66956-66857	42	42	45	C	U	substitution
AANH01005876.1/66956-66857	43	43	46	A	U	substitution
AANH01005876.1/66956-66857	44	44	47	C	U	substitution
AANH01005876.1/66956-66857	47	47	50	C	U	substitution
AANH01005876.1/66956-66857	48	48	51	U	C	substitution
AANH01005876.1/66956-66857	49	49	52	C	A	substitution
AANH01005876.1/66956-66857	50	50	53	U	C	substitution
AANH01005876.1/66956-66857	50	51..65	54..108	-	GGGCUCUUCUGGGGC	insert-after-RF-position
AANH01005876.1/66956-66857	51	66	109	G	C	substitution
AANH01005876.1/66956-66857	52	67	110	G	C	substitution
AANH01005876.1/66956-66857	53	68	111	G	A	substitution
AANH01005876.1/66956-66857	55	70	113	U	C	substitution
AANH01005876.1/66956-66857	57	72	115	U	A	substitution
AANH01005876.1/66956-66857	62..64	76	120..122	GAC	-	deletion
AANH01005876.1/66956-66857	67	79	142	G	A	substitution
AANH01005876.1/66956-66857	76	88	151	C	G	substitution
AANH01005876.1/66956-66857	80	92	155	A	G	substitution
AANH01005876.1/66956-66857	81	93	156	G	A	substitution
AANH01005876.1/66956-66857	82	94	157	C	U	substitution
AANH01005876.1/66956-66857	83	95	158	C	G	substitution
AANH01005876.1/66956-66857	86	98	161	C	U	substitution
AAVX01043580.1/1126-1028	0	1	1	-	G	insert-after-RF-position
AAVX01043580.1/1126-1028	1	2	2	G	C	substitution
AAVX01043580.1/1126-1028	3	4	4	C	U	substitution
AAVX01043580.1/1126-1028	4	5	5	U	C	substitution
AAVX01043580.1/1126-1028	5	6	6	G	A	substitution
AAVX01043580.1/1126-1028	9	10	11	U	A	substitution
AAVX01043580.1/1126-1028	18	19	21	C	U	substitution
AAVX01043580.1/1126-1028	21	22	24	U	A	substitution
AAVX01043580.1/1126-1028	29	30	32	C	U	substitution
AAVX01043580.1/1126-1028	30	31	33	G	U	substitution
AAVX01043580.1/1126-1028	32	33	35	G	A	substitution
AAVX01043580.1/1126-1028	34	35	37	C	U	substitution
AAVX01043580.1/1126-1028	35	36	38	A	G	substitution
AAVX01043580.1/1126-1028	36	37	39	U	C	substitution
AAVX01043580.1/1126-1028	37	38	40	C	A	substitution
AAVX01043580.1/1126-1028	42	43	45	C	A	substitution
AAVX01043580.1/1126-1028	43	44	46	A	C	substitution
AAVX01043580.1/1126-1028	44	45	47	C	U	substitution
AAVX01043580.1/1126-1028	45	46	48	C	U	substitution
AAVX01043580.1/1126-1028	46	47	49	U	A	substitution
AAVX01043580.1/1126-1028	47	48	50	C	A	substitution
AAVX01043580.1/1126-1028	48	49	51	U	C	substitution
AAVX01043580.1/1126-1028	49	50	52	C	A	substitution
AAVX01043580.1/1126-1028	50	51	53	U	G	substitution
AAVX01043580.1/1126-1028	50	52..63	54..108	-	CCCCGAGUAACA	insert-after-RF-position
AAVX01043580.1/1126-1028	51	64	109	G	U	substitution
AAVX01043580.1/1126-1028	52	65	110	G	C	substitution
AAVX01043580.1/1126-1028	54	67	112	U	G	substitution
AAVX01043580.1/1126-1028	55	68	113	U	G	substitution
AAVX01043580.1/1126-1028	56	69	114	G	A	substitution
AAVX01043580.1/1126-1028	57	70	115	U	C	substitution
AAVX01043580.1/1126-1028	61	74	119	A	U	substitution
AAVX01043580.1/1126-1028	63..64	75	121..122	AC	-	deletion
AAVX01043580.1/1126-1028	67	78	142	G	A	substitution
AAVX01043580.1/1126-1028	76	87	151	C	G	substitution
AAVX01043580.1/1126-1028	79	90	154	C	U	substitution
AAVX01043580.1/1126-1028	80	91	155	A	G	substitution
AAVX01043580.1/1126-1028	81	92	156	G	A	substitution
AAVX01043580.1/1126-1028	83	94	158	C	G	substitution
AAVX01043580.1/1126-1028	84	95	159	C	U	substitution
AAVX01043580.1/1126-1028	86	97	161	C	U	substitution
BAAF04125918.1/845-746	0	1	1	-	G	insert-after-RF-position
BAAF04125918.1/845-746	1	2	2	G	C	substitution
BAAF04125918.1/845-746	2	3	3	G	A	substitution
BAAF04125918.1/845-746	3	4	4	C	U	substitution
BAAF04125918.1/845-746	4	5	5	U	C	substitution
BAAF04125918.1/845-746	7	7	8	C	-	deletion
BAAF04125918.1/845-746	28	28	31	G	A	substitution
BAAF04125918.1/845-746	29	29	32	C	U	substitution
BAAF04125918.1/845-746	30	30	33	G	C	substitution
BAAF04125918.1/845-746	31	31	34	U	G	substitution
BAAF04125918.1/845-746	32	32	35	G	U	substitution
BAAF04125918.1/845-746	34	34	37	C	U	substitution
BAAF04125918.1/845-746	35	35	38	A	G	substitution
BAAF04125918.1/845-746	37	37	40	C	G	substitution
BAAF04125918.1/845-746	38	38	41	A	U	substitution
BAAF04125918.1/845-746	40	40	43	A	C	substitution
BAAF04125918.1/845-746	41	41	44	C	G	substitution
BAAF04125918.1/845-746	42	42	45	C	A	substitution
BAAF04125918.1/845-746	44	44	47	C	A	substitution
BAAF04125918.1/845-746	45	45	48	C	A	substitution
BAAF04125918.1/845-746	46	46	49	U	A	substitution
BAAF04125918.1/845-746	49	49	52	C	U	substitution
BAAF04125918.1/845-746	50	51..65	54..108	-	GUCUGUCCUCGCAUA	insert-after-RF-position
BAAF04125918.1/845-746	52	67	110	G	A	substitution
BAAF04125918.1/845-746	53	68	111	G	C	substitution
BAAF04125918.1/845-746	54	69	112	U	G	substitution
BAAF04125918.1/845-746	55	70	113	U	G	substitution
BAAF04125918.1/845-746	62..64	76	120..122	GAC	-	deletion
BAAF04125918.1/845-746	72	84	147	C	U	substitution
BAAF04125918.1/845-746	75	87	150	U	C	substitution
BAAF04125918.1/845-746	76	88	151	C	G	substitution
BAAF04125918.1/845-746	80	92	155	A	G	substitution
BAAF04125918.1/845-746	81	93	156	G	A	substitution
BAAF04125918.1/845-746	82	94	157	C	U	substitution
BAAF04125918.1/845-746	83	95	158	C	G	substitution
BAAF04125918.1/845-746	84	96	159	C	U	substitution
BAAF04125918.1/845-746	86	98	161	C	U	substitution
AC150310.1/65487-65586	0	1	1	-	G	insert-after-RF-position
AC150310.1/65487-65586	1	2	2	G	U	substitution
AC150310.1/65487-65586	3	4	4	C	U	substitution
AC150310.1/65487-65586	7	9	9	-	A	insert-after-RF-position
AC150310.1/65487-65586	18	20	21	C	U	substitution
AC150310.1/65487-65586	21	23	24	U	A	substitution
AC150310.1/65487-65586	28	30	31	G	A	substitution
AC150310.1/65487-65586	29	31	32	C	G	substitution
AC150310.1/65487-65586	30	32	33	G	C	substitution
AC150310.1/65487-65586	36	38	39	U	C	substitution
AC150310.1/65487-65586	37	39	40	C	A	substitution
AC150310.1/65487-65586	38	40	41	A	G	substitution
AC150310.1/65487-65586	40	42	43	A	C	substitution
AC150310.1/65487-65586	41	43	44	C	U	substitution
AC150310.1/65487-65586	43	45	46	A	U	substitution
AC150310.1/65487-65586	44	46	47	C	U	substitution
AC150310.1/65487-65586	47	49	50	C	U	substitution
AC150310.1/65487-65586	48	50	51	U	G	substitution
AC150310.1/65487-65586	49	51	52	C	U	substitution
AC150310.1/65487-65586	50	52	53	U	A	substitution
AC150310.1/65487-65586	50	53..59	54..60	-	AUACAGU	insert-after-RF-position
AC150310.1/65487-65586	51	60	109	G	A	substitution
AC150310.1/65487-65586	52	61	110	G	A	substitution
AC150310.1/65487-65586	53	62	111	G	C	substitution
AC150310.1/65487-65586	54	63	112	U	A	substitution
AC150310.1/65487-65586	60	69	118	G	A	substitution
AC150310.1/65487-65586	62	71	120	G	A	substitution
AC150310.1/65487-65586	63	72	121	A	U	substitution
AC150310.1/65487-65586	64	74..76	123..139	-	CUA	insert-after-RF-position
AC150310.1/65487-65586	67	79	142	G	A	substitution
AC150310.1/65487-65586	69	81	144	G	A	substitution
AC150310.1/65487-65586	76	88	151	C	G	substitution
AC150310.1/65487-65586	77	89	152	U	C	substitution
AC150310.1/65487-65586	81	93	156	G	A	substitution
AC150310.1/65487-65586	83	95	158	C	A	substitution
AC150310.1/65487-65586	86	98	161	C	U	substitution
AC150310.1/65487-65586	88	100	163	U	A	substitution
BAAF04097857.1/315-413	0	1	1	-	A	insert-after-RF-position
BAAF04097857.1/315-413	1	2	2	G	C	substitution
BAAF04097857.1/315-413	2	3	3	G	A	substitution
BAAF04097857.1/315-413	3	4	4	C	U	substitution
BAAF04097857.1/315-413	7	7	8	C	-	deletion
BAAF04097857.1/315-413	11	11	13	A	G	substitution
BAAF04097857.1/315-413	18	18	21	C	U	substitution
BAAF04097857.1/315-413	23	23	26	A	U	substitution
BAAF04097857.1/315-413	24	24	27	C	U	substitution
BAAF04097857.1/315-413	28	28	31	G	U	substitution
BAAF04097857.1/315-413	29	29	32	C	A	substitution
BAAF04097857.1/315-413	30	30	33	G	C	substitution
BAAF04097857.1/315-413	31	31	34	U	C	substitution
BAAF04097857.1/315-413	33	33	36	U	G	substitution
BAAF04097857.1/315-413	34	34	37	C	U	substitution
BAAF04097857.1/315-413	35	35	38	A	G	substitution
BAAF04097857.1/315-413	36	36	39	U	A	substitution
BAAF04097857.1/315-413	37	37	40	C	U	substitution
BAAF04097857.1/315-413	38	38	41	A	U	substitution
BAAF04097857.1/315-413	39	39	42	A	U	substitution
BAAF04097857.1/315-413	40	40	43	A	G	substitution
BAAF04097857.1/315-413	41	41	44	C	U	substitution
BAAF04097857.1/315-413	45	45	48	C	A	substitution
BAAF04097857.1/315-413	49	49	52	C	G	substitution
BAAF04097857.1/315-413	50	50	53	U	A	substitution
BAAF04097857.1/315-413	50	51..54	54..57	-	CGGU	insert-after-RF-position
BAAF04097857.1/315-413	51	55	109	G	C	substitution
BAAF04097857.1/315-413	52	56	110	G	A	substitution
BAAF04097857.1/315-413	54	58	112	U	C	substitution
BAAF04097857.1/315-413	55	59	113	U	G	substitution
BAAF04097857.1/315-413	62	66	120	G	A	substitution
BAAF04097857.1/315-413	64	69..75	123..139	-	AGUUUGA	insert-after-RF-position
BAAF04097857.1/315-413	66	77	141	C	U	substitution
BAAF04097857.1/315-413	67	78	142	G	A	substitution
BAAF04097857.1/315-413	69	80	144	G	A	substitution
BAAF04097857.1/315-413	72	83	147	C	G	substitution
BAAF04097857.1/315-413	73	84	148	G	A	substitution
BAAF04097857.1/315-413	76	87	151	C	G	substitution
BAAF04097857.1/315-413	77	88	152	U	C	substitution
BAAF04097857.1/315-413	80	91	155	A	G	substitution
BAAF04097857.1/315-413	81	92	156	G	A	substitution
BAAF04097857.1/315-413	82	93	157	C	U	substitution
BAAF04097857.1/315-413	83	94	158	C	G	substitution
BAAF04097857.1/315-413	84	95	159	C	U	substitution
BAAF04097857.1/315-413	86	97	161	C	U	substitution
AANG01341798.1/2156-2244	2	2	3	G	A	substitution
AANG01341798.1/2156-2244	3	3	4	C	U	substitution
AANG01341798.1/2156-2244	8	8	10	U	C	substitution
AANG01341798.1/2156-2244	9	9	11	U	G	substitution
AANG01341798.1/2156-2244	15	15	17	C	G	substitution
AANG01341798.1/2156-2244	18	18	21	C	U	substitution
AANG01341798.1/2156-2244	23	23	26	A	U	substitution
AANG01341798.1/2156-2244	28	28	31	G	A	substitution
AANG01341798.1/2156-2244	29	29	32	C	A	substitution
AANG01341798.1/2156-2244	32	32	35	G	A	substitution
AANG01341798.1/2156-2244	33	33	36	U	A	substitution
AANG01341798.1/2156-2244	34	34	37	C	A	substitution
AANG01341798.1/2156-2244	35	35	38	A	G	substitution
AANG01341798.1/2156-2244	36	36	39	U	C	substitution
AANG01341798.1/2156-2244	37	37	40	C	A	substitution
AANG01341798.1/2156-2244	38	38	41	A	U	substitution
AANG01341798.1/2156-2244	39	39	42	A	C	substitution
AANG01341798.1/2156-2244	40	40	43	A	U	substitution
AANG01341798.1/2156-2244	43	43	46	A	U	substitution
AANG01341798.1/2156-2244	44	44	47	C	A	substitution
AANG01341798.1/2156-2244	45	45	48	C	G	substitution
AANG01341798.1/2156-2244	46	46	49	U	C	substitution
AANG01341798.1/2156-2244	47	47	50	C	U	substitution
AANG01341798.1/2156-2244	48	48	51	U	A	substitution
AANG01341798.1/2156-2244	50	51	54	-	C	insert-after-RF-position
AANG01341798.1/2156-2244	51	52	109	G	A	substitution
AANG01341798.1/2156-2244	52	53	110	G	A	substitution
AANG01341798.1/2156-2244	55	56	113	U	G	substitution
AANG01341798.1/2156-2244	60	61	118	G	A	substitution
AANG01341798.1/2156-2244	61	62	119	A	G	substitution
AANG01341798.1/2156-2244	66	67	141	C	U	substitution
AANG01341798.1/2156-2244	69	70	144	G	U	substitution
AANG01341798.1/2156-2244	72	73	147	C	U	substitution
AANG01341798.1/2156-2244	73	74	148	G	A	substitution
AANG01341798.1/2156-2244	76	77	151	C	U	substitution
AANG01341798.1/2156-2244	79	80	154	C	U	substitution
AANG01341798.1/2156-2244	86	87	161	C	U	substitution
AAPN01235812.1/520-620	0	1	1	-	G	insert-after-RF-position
AAPN01235812.1/520-620	4	5	5	U	C	substitution
AAPN01235812.1/520-620	8	9	10	U	C	substitution
AAPN01235812.1/520-620	9	10	11	U	G	substitution
AAPN01235812.1/520-620	28	29	31	G	U	substitution
AAPN01235812.1/520-620	29	30	32	C	G	substitution
AAPN01235812.1/520-620	30	31	33	G	U	substitution
AAPN01235812.1/520-620	31	32	34	U	C	substitution
AAPN01235812.1/520-620	32	33	35	G	A	substitution
AAPN01235812.1/520-620	33	34	36	U	A	substitution
AAPN01235812.1/520-620	35	36	38	A	G	substitution
AAPN01235812.1/520-620	36	37	39	U	A	substitution
AAPN01235812.1/520-620	37	38	40	C	A	substitution
AAPN01235812.1/520-620	39	40	42	A	G	substitution
AAPN01235812.1/520-620	40	41	43	A	G	substitution
AAPN01235812.1/520-620	42	43	45	C	U	substitution
AAPN01235812.1/520-620	43	44	46	A	U	substitution
AAPN01235812.1/520-620	45	46	48	C	U	substitution
AAPN01235812.1/520-620	47	48	50	C	U	substitution
AAPN01235812.1/520-620	48	49	51	U	C	substitution
AAPN01235812.1/520-620	49	50	52	C	G	substitution
AAPN01235812.1/520-620	50	51	53	U	G	substitution
AAPN01235812.1/520-620	50	52..62	54..64	-	UUAAAUCUCUU	insert-after-RF-position
AAPN01235812.1/520-620	51	63	109	G	C	substitution
AAPN01235812.1/520-620	54	66	112	U	A	substitution
AAPN01235812.1/520-620	55	67	113	U	G	substitution
AAPN01235812.1/520-620	63	75	121	A	C	substitution
AAPN01235812.1/520-620	64	77	139	-	C	insert-after-RF-position
AAPN01235812.1/520-620	76	89	151	C	U	substitution
AAPN01235812.1/520-620	80	93	155	A	G	substitution
AAPN01235812.1/520-620	82	95	157	C	U	substitution
AAPN01235812.1/520-620	86	99	161	C	U	substitution
AAHX01094554.1/16303-16446	0	1	1	-	G	insert-after-RF-position
AAHX01094554.1/16303-16446	4	5	5	U	C	substitution
AAHX01094554.1/16303-16446	5	6	6	G	A	substitution
AAHX01094554.1/16303-16446	29	30	32	C	A	substitution
AAHX01094554.1/16303-16446	30	31	33	G	C	substitution
AAHX01094554.1/16303-16446	31	32	34	U	G	substitution
AAHX01094554.1/16303-16446	32	33	35	G	U	substitution
AAHX01094554.1/16303-16446	33	34	36	U	G	substitution
AAHX01094554.1/16303-16446	35	36	38	A	U	substitution
AAHX01094554.1/16303-16446	36	37	39	U	C	substitution
AAHX01094554.1/16303-16446	39	40	42	A	G	substitution
AAHX01094554.1/16303-16446	40	41	43	A	U	substitution
AAHX01094554.1/16303-16446	41	42	44	C	U	substitution
AAHX01094554.1/16303-16446	42	43	45	C	U	substitution
AAHX01094554.1/16303-16446	43	44	46	A	G	substitution
AAHX01094554.1/16303-16446	44	45	47	C	A	substitution
AAHX01094554.1/16303-16446	45	46	48	C	G	substitution
AAHX01094554.1/16303-16446	46	47	49	U	C	substitution
AAHX01094554.1/16303-16446	47	48	50	C	A	substitution
AAHX01094554.1/16303-16446	48	49	51	U	G	substitution
AAHX01094554.1/16303-16446	49	50	52	C	G	substitution
AAHX01094554.1/16303-16446	50	51	53	U	C	substitution
AAHX01094554.1/16303-16446	50	52..106	54..108	-	UAUGUAACGUGGUCGGUUCGAGCAACACAACCAGCCGCUUGCCUAUCUGGUGAGU	insert-after-RF-position
AAHX01094554.1/16303-16446	53	109	111	G	U	substitution
AAHX01094554.1/16303-16446	55	111	113	U	G	substitution
AAHX01094554.1/16303-16446	79	135	154	C	U	substitution
AAHX01094554.1/16303-16446	80	136	155	A	G	substitution
AAHX01094554.1/16303-16446	86	142	161	C	U	substitution
CU855896.20/66057-65953	0	1	1	-	G	insert-after-RF-position
CU855896.20/66057-65953	1	2	2	G	C	substitution
CU855896.20/66057-65953	4	5	5	U	C	substitution
CU855896.20/66057-65953	7	7	8	C	-	deletion
CU855896.20/66057-65953	8	8	10	U	G	substitution
CU855896.20/66057-65953	18	18	21	C	U	substitution
CU855896.20/66057-65953	28	28	31	G	U	substitution
CU855896.20/66057-65953	30	30	33	G	A	substitution
CU855896.20/66057-65953	31	31	34	U	G	substitution
CU855896.20/66057-65953	32	32	35	G	C	substitution
CU855896.20/66057-65953	33	33	36	U	C	substitution
CU855896.20/66057-65953	34	34	37	C	A	substitution
CU855896.20/66057-65953	36	36	39	U	A	substitution
CU855896.20/66057-65953	37	37	40	C	A	substitution
CU855896.20/66057-65953	38	38	41	A	G	substitution
CU855896.20/66057-65953	40	40	43	A	C	substitution
CU855896.20/66057-65953	41	41	44	C	A	substitution
CU855896.20/66057-65953	42	42	45	C	A	substitution
CU855896.20/66057-65953	43	43	46	A	C	substitution
CU855896.20/66057-65953	44	44	47	C	U	substitution
CU855896.20/66057-65953	48	48	51	U	A	substitution
CU855896.20/66057-65953	49	49	52	C	U	substitution
CU855896.20/66057-65953	50	50	53	U	G	substitution
CU855896.20/66057-65953	50	51..69	54..108	-	GCCGCCGGGUCUCCGGAAG	insert-after-RF-position
CU855896.20/66057-65953	51	70	109	G	C	substitution
CU855896.20/66057-65953	52	71	110	G	C	substitution
CU855896.20/66057-65953	53	72	111	G	A	substitution
CU855896.20/66057-65953	54	73	112	U	G	substitution
CU855896.20/66057-65953	55	74	113	U	A	substitution
CU855896.20/66057-65953	57	76	115	U	A	substitution
CU855896.20/66057-65953	62	81	120	G	A	substitution
CU855896.20/66057-65953	63..64	81	121..122	AC	-	deletion
CU855896.20/66057-65953	67	84	142	G	A	substitution
CU855896.20/66057-65953	73	90	148	G	A	substitution
CU855896.20/66057-65953	76	93	151	C	G	substitution
CU855896.20/66057-65953	83	100	158	C	G	substitution
CU855896.20/66057-65953	84	101	159	C	U	substitution
CU855896.20/66057-65953	86	103	161	C	U	substitution
CU855896.20/66057-65953	88	105	163	U	A	substitution
AAKN02022956.1/147590-147489	0	1	1	-	G	insert-after-RF-position
AAKN02022956.1/147590-147489	3	4	4	C	U	substitution
AAKN02022956.1/147590-147489	4	5	5	U	C	substitution
AAKN02022956.1/147590-147489	15	17	18	-	A	insert-after-RF-position
AAKN02022956.1/147590-147489	28	30	31	G	C	substitution
AAKN02022956.1/147590-147489	29	31	32	C	U	substitution
AAKN02022956.1/147590-147489	30	32	33	G	C	substitution
AAKN02022956.1/147590-147489	31	33	34	U	A	substitution
AAKN02022956.1/147590-147489	32	34	35	G	C	substitution
AAKN02022956.1/147590-147489	33	35	36	U	G	substitution
AAKN02022956.1/147590-147489	35	37	38	A	U	substitution
AAKN02022956.1/147590-147489	36	38	39	U	G	substitution
AAKN02022956.1/147590-147489	37	39	40	C	G	substitution
AAKN02022956.1/147590-147489	39	41	42	A	C	substitution
AAKN02022956.1/147590-147489	40	42	43	A	U	substitution
AAKN02022956.1/147590-147489	41	43	44	C	U	substitution
AAKN02022956.1/147590-147489	42	44	45	C	A	substitution
AAKN02022956.1/147590-147489	43	45	46	A	U	substitution
AAKN02022956.1/147590-147489	45	47	48	C	A	substitution
AAKN02022956.1/147590-147489	49	51	52	C	G	substitution
AAKN02022956.1/147590-147489	50	53..64	54..108	-	CUACAUCCUGCG	insert-after-RF-position
AAKN02022956.1/147590-147489	51	65	109	G	C	substitution
AAKN02022956.1/147590-147489	52	66	110	G	U	substitution
AAKN02022956.1/147590-147489	54	68	112	U	G	substitution
AAKN02022956.1/147590-147489	55	69	113	U	G	substitution
AAKN02022956.1/147590-147489	72	86	147	C	U	substitution
AAKN02022956.1/147590-147489	76	90	151	C	U	substitution
AAKN02022956.1/147590-147489	79	93	154	C	U	substitution
AAKN02022956.1/147590-147489	80	94	155	A	G	substitution
AAKN02022956.1/147590-147489	81	95	156	G	A	substitution
AAKN02022956.1/147590-147489	86	100	161	C	U	substitution
CU855896.20/65648-65545	0	1	1	-	G	insert-after-RF-position
CU855896.20/65648-65545	1	2	2	G	C	substitution
CU855896.20/65648-65545	3	4	4	C	U	substitution
CU855896.20/65648-65545	7	7	8	C	-	deletion
CU855896.20/65648-65545	18	18	21	C	U	substitution
CU855896.20/65648-65545	28	28	31	G	U	substitution
CU855896.20/65648-65545	29	29	32	C	G	substitution
CU855896.20/65648-65545	30	30	33	G	U	substitution
CU855896.20/65648-65545	31	31	34	U	G	substitution
CU855896.20/65648-65545	32	32	35	G	A	substitution
CU855896.20/65648-65545	33	33	36	U	C	substitution
CU855896.20/65648-65545	35	35	38	A	U	substitution
CU855896.20/65648-65545	39	39	42	A	C	substitution
CU855896.20/65648-65545	41	41	44	C	A	substitution
CU855896.20/65648-65545	42	42	45	C	A	substitution
CU855896.20/65648-65545	44	44	47	C	U	substitution
CU855896.20/65648-65545	46	46	49	U	A	substitution
CU855896.20/65648-65545	47	47	50	C	A	substitution
CU855896.20/65648-65545	48	48	51	U	C	substitution
CU855896.20/65648-65545	50	51..62	54..108	-	CUCAUGGUUGCG	insert-after-RF-position
CU855896.20/65648-65545	51	63	109	G	U	substitution
CU855896.20/65648-65545	52	64	110	G	U	substitution
CU855896.20/65648-65545	54	66	112	U	C	substitution
CU855896.20/65648-65545	55	67	113	U	G	substitution
CU855896.20/65648-65545	57	69	115	U	C	substitution
CU855896.20/65648-65545	58	70	116	U	C	substitution
CU855896.20/65648-65545	59	71	117	C	A	substitution
CU855896.20/65648-65545	64	76	122	C	U	substitution
CU855896.20/65648-65545	64	77..80	123..139	-	CGAA	insert-after-RF-position
CU855896.20/65648-65545	66	82	141	C	U	substitution
CU855896.20/65648-65545	67	83	142	G	A	substitution
CU855896.20/65648-65545	73	89	148	G	A	substitution
CU855896.20/65648-65545	76	92	151	C	G	substitution
CU855896.20/65648-65545	81	97	156	G	A	substitution
CU855896.20/65648-65545	83	99	158	C	G	substitution
CU855896.20/65648-65545	84	100	159	C	U	substitution
CU855896.20/65648-65545	86	102	161	C	U	substitution
CU855896.20/65648-65545	88	104	163	U	A	substitution
CU855896.20/65265-65162	0	1	1	-	G	insert-after-RF-position
CU855896.20/65265-65162	1	2	2	G	C	substitution
CU855896.20/65265-65162	3	4	4	C	U	substitution
CU855896.20/65265-65162	7	7	8	C	-	deletion
CU855896.20/65265-65162	18	18	21	C	U	substitution
CU855896.20/65265-65162	28	28	31	G	U	substitution
CU855896.20/65265-65162	29	29	32	C	G	substitution
CU855896.20/65265-65162	30	30	33	G	U	substitution
CU855896.20/65265-65162	31	31	34	U	G	substitution
CU855896.20/65265-65162	32	32	35	G	A	substitution
CU855896.20/65265-65162	35	35	38	A	C	substitution
CU855896.20/65265-65162	36	36	39	U	C	substitution
CU855896.20/65265-65162	37	37	40	C	U	substitution
CU855896.20/65265-65162	38	38	41	A	G	substitution
CU855896.20/65265-65162	41	41	44	C	A	substitution
CU855896.20/65265-65162	42	42	45	C	A	substitution
CU855896.20/65265-65162	44	44	47	C	U	substitution
CU855896.20/65265-65162	46	46	49	U	A	substitution
CU855896.20/65265-65162	47	47	50	C	A	substitution
CU855896.20/65265-65162	48	48	51	U	C	substitution
CU855896.20/65265-65162	50	51..62	54..108	-	UUCAUGGUCACC	insert-after-RF-position
CU855896.20/65265-65162	51	63	109	G	U	substitution
CU855896.20/65265-65162	52	64	110	G	C	substitution
CU855896.20/65265-65162	54	66	112	U	G	substitution
CU855896.20/65265-65162	57	69	115	U	C	substitution
CU855896.20/65265-65162	58	70	116	U	C	substitution
CU855896.20/65265-65162	59	71	117	C	A	substitution
CU855896.20/65265-65162	64	76	122	C	U	substitution
CU855896.20/65265-65162	64	77..80	123..139	-	CGAA	insert-after-RF-position
CU855896.20/65265-65162	67	83	142	G	A	substitution
CU855896.20/65265-65162	76	92	151	C	G	substitution
CU855896.20/65265-65162	81	97	156	G	A	substitution
CU855896.20/65265-65162	83	99	158	C	G	substitution
CU855896.20/65265-65162	84	100	159	C	U	substitution
CU855896.20/65265-65162	86	102	161	C	U	substitution
CU855896.20/65265-65162	88	104	163	U	A	substitution
AAKN02009897.1/69401-69496	0	1	1	-	G	insert-after-RF-position
AAKN02009897.1/69401-69496	12	13	14	G	U	substitution
AAKN02009897.1/69401-69496	23	24	26	A	C	substitution
AAKN02009897.1/69401-69496	29	30	32	C	A	substitution
AAKN02009897.1/69401-69496	30	31	33	G	C	substitution
AAKN02009897.1/69401-69496	34	35	37	C	U	substitution
AAKN02009897.1/69401-69496	35	36	38	A	C	substitution
AAKN02009897.1/69401-69496	37	38	40	C	U	substitution
AAKN02009897.1/69401-69496	39	40	42	A	G	substitution
AAKN02009897.1/69401-69496	40	41	43	A	U	substitution
AAKN02009897.1/69401-69496	41	42	44	C	U	substitution
AAKN02009897.1/69401-69496	42	43	45	C	G	substitution
AAKN02009897.1/69401-69496	45	46	48	C	U	substitution
AAKN02009897.1/69401-69496	49	50	52	C	U	substitution
AAKN02009897.1/69401-69496	50	51	53	U	G	substitution
AAKN02009897.1/69401-69496	50	52..58	54..60	-	GGCUGGU	insert-after-RF-position
AAKN02009897.1/69401-69496	51	59	109	G	C	substitution
AAKN02009897.1/69401-69496	52	60	110	G	U	substitution
AAKN02009897.1/69401-69496	54	62	112	U	G	substitution
AAKN02009897.1/69401-69496	59	67	117	C	U	substitution
AAKN02009897.1/69401-69496	79	87	154	C	U	substitution
AAKN02009897.1/69401-69496	80	88	155	A	G	substitution
AAKN02009897.1/69401-69496	82	90	157	C	U	substitution
AAKN02009897.1/69401-69496	86	94	161	C	U	substitution
AAWR02002461.1/13655-13752	0	1	1	-	G	insert-after-RF-position
AAWR02002461.1/13655-13752	3	4	4	C	U	substitution
AAWR02002461.1/13655-13752	4	5	5	U	C	substitution
AAWR02002461.1/13655-13752	9	10	11	U	G	substitution
AAWR02002461.1/13655-13752	15	17	18	-	A	insert-after-RF-position
AAWR02002461.1/13655-13752	30	32	33	G	A	substitution
AAWR02002461.1/13655-13752	31	33	34	U	A	substitution
AAWR02002461.1/13655-13752	32	34	35	G	C	substitution
AAWR02002461.1/13655-13752	34	36	37	C	U	substitution
AAWR02002461.1/13655-13752	35	37	38	A	C	substitution
AAWR02002461.1/13655-13752	36	38	39	U	A	substitution
AAWR02002461.1/13655-13752	37	39	40	C	G	substitution
AAWR02002461.1/13655-13752	40	42	43	A	U	substitution
AAWR02002461.1/13655-13752	41	43	44	C	G	substitution
AAWR02002461.1/13655-13752	43	45	46	A	U	substitution
AAWR02002461.1/13655-13752	44	46	47	C	U	substitution
AAWR02002461.1/13655-13752	47	49	50	C	G	substitution
AAWR02002461.1/13655-13752	48	50	51	U	G	substitution
AAWR02002461.1/13655-13752	49	51	52	C	A	substitution
AAWR02002461.1/13655-13752	50	52	53	U	C	substitution
AAWR02002461.1/13655-13752	50	53..60	54..61	-	AACCCCUU	insert-after-RF-position
AAWR02002461.1/13655-13752	51	61	109	G	C	substitution
AAWR02002461.1/13655-13752	52	62	110	G	C	substitution
AAWR02002461.1/13655-13752	53	63	111	G	A	substitution
AAWR02002461.1/13655-13752	54	64	112	U	G	substitution
AAWR02002461.1/13655-13752	55	65	113	U	G	substitution
AAWR02002461.1/13655-13752	75	85	150	U	C	substitution
AAWR02002461.1/13655-13752	79	89	154	C	U	substitution
AAWR02002461.1/13655-13752	80	90	155	A	G	substitution
AAWR02002461.1/13655-13752	81	91	156	G	A	substitution
AAWR02002461.1/13655-13752	86	96	161	C	U	substitution
AAWR02002381.1/633-543	0	1	1	-	U	insert-after-RF-position
AAWR02002381.1/633-543	1	2	2	G	U	substitution
AAWR02002381.1/633-543	2	3	3	G	C	substitution
AAWR02002381.1/633-543	4	5	5	U	C	substitution
AAWR02002381.1/633-543	7	8	8	C	A	substitution
AAWR02002381.1/633-543	9	10	11	U	G	substitution
AAWR02002381.1/633-543	23	24	26	A	C	substitution
AAWR02002381.1/633-543	24	25	27	C	U	substitution
AAWR02002381.1/633-543	29	30	32	C	A	substitution
AAWR02002381.1/633-543	30	31	33	G	C	substitution
AAWR02002381.1/633-543	32	33	35	G	A	substitution
AAWR02002381.1/633-543	33	34	36	U	A	substitution
AAWR02002381.1/633-543	34	35	37	C	G	substitution
AAWR02002381.1/633-543	35	36	38	A	G	substitution
AAWR02002381.1/633-543	36	37	39	U	C	substitution
AAWR02002381.1/633-543	37	38	40	C	A	substitution
AAWR02002381.1/633-543	38	39	41	A	U	substitution
AAWR02002381.1/633-543	39	40	42	A	C	substitution
AAWR02002381.1/633-543	41	42	44	C	G	substitution
AAWR02002381.1/633-543	43	44	46	A	U	substitution
AAWR02002381.1/633-543	44	45	47	C	U	substitution
AAWR02002381.1/633-543	47	48	50	C	A	substitution
AAWR02002381.1/633-543	48	49	51	U	A	substitution
AAWR02002381.1/633-543	50	51	53	U	C	substitution
AAWR02002381.1/633-543	50	52..56	54..58	-	ACGCG	insert-after-RF-position
AAWR02002381.1/633-543	51	57	109	G	A	substitution
AAWR02002381.1/633-543	55	61	113	U	G	substitution
AAWR02002381.1/633-543	68	74	143	C	G	substitution
AAWR02002381.1/633-543	74	80	149	C	U	substitution
AAWR02002381.1/633-543	82..84	87	157..159	CCC	-	deletion
AAWR02002381.1/633-543	86	89	161	C	U	substitution
AAKN02009897.1/76911-77020	0	1	1	-	G	insert-after-RF-position
AAKN02009897.1/76911-77020	23	24	26	A	C	substitution
AAKN02009897.1/76911-77020	29	30	32	C	A	substitution
AAKN02009897.1/76911-77020	30	31	33	G	U	substitution
AAKN02009897.1/76911-77020	31	32	34	U	C	substitution
AAKN02009897.1/76911-77020	32	33	35	G	A	substitution
AAKN02009897.1/76911-77020	33	34	36	U	A	substitution
AAKN02009897.1/76911-77020	34	35	37	C	U	substitution
AAKN02009897.1/76911-77020	35	36	38	A	C	substitution
AAKN02009897.1/76911-77020	36	37	39	U	A	substitution
AAKN02009897.1/76911-77020	37	38	40	C	A	substitution
AAKN02009897.1/76911-77020	38	39	41	A	G	substitution
AAKN02009897.1/76911-77020	39	40	42	A	C	substitution
AAKN02009897.1/76911-77020	40	41	43	A	U	substitution
AAKN02009897.1/76911-77020	41	42	44	C	U	substitution
AAKN02009897.1/76911-77020	42	43	45	C	A	substitution
AAKN02009897.1/76911-77020	43	44	46	A	G	substitution
AAKN02009897.1/76911-77020	44	45	47	C	U	substitution
AAKN02009897.1/76911-77020	46	47	49	U	A	substitution
AAKN02009897.1/76911-77020	49	50	52	C	U	substitution
AAKN02009897.1/76911-77020	50	51	53	U	G	substitution
AAKN02009897.1/76911-77020	50	52..72	54..108	-	GGCCGGUGGCUUCCAUCGGUC	insert-after-RF-position
AAKN02009897.1/76911-77020	51	73	109	G	C	substitution
AAKN02009897.1/76911-77020	55	77	113	U	G	substitution
AAKN02009897.1/76911-77020	82	104	157	C	U	substitution
AAKN02009897.1/76911-77020	86	108	161	C	U	substitution
AAQR03019327.1/46254-46153	0	1	1	-	G	insert-after-RF-position
AAQR03019327.1/46254-46153	23	24	26	A	C	substitution
AAQR03019327.1/46254-46153	29	30	32	C	A	substitution
AAQR03019327.1/46254-46153	30	31	33	G	C	substitution
AAQR03019327.1/46254-46153	31	32	34	U	G	substitution
AAQR03019327.1/46254-46153	34	35	37	C	G	substitution
AAQR03019327.1/46254-46153	35	36	38	A	C	substitution
AAQR03019327.1/46254-46153	36	37	39	U	A	substitution
AAQR03019327.1/46254-46153	37	38	40	C	U	substitution
AAQR03019327.1/46254-46153	38	39	41	A	U	substitution
AAQR03019327.1/46254-46153	39	40	42	A	G	substitution
AAQR03019327.1/46254-46153	40	41	43	A	C	substitution
AAQR03019327.1/46254-46153	41	42	44	C	U	substitution
AAQR03019327.1/46254-46153	42	43	45	C	U	substitution
AAQR03019327.1/46254-46153	43	44	46	A	U	substitution
AAQR03019327.1/46254-46153	45	46	48	C	G	substitution
AAQR03019327.1/46254-46153	46	47	49	U	A	substitution
AAQR03019327.1/46254-46153	47	48	50	C	U	substitution
AAQR03019327.1/46254-46153	48	49	51	U	C	substitution
AAQR03019327.1/46254-46153	50	52..64	54..108	-	CUGCAUCUGGCAG	insert-after-RF-position
AAQR03019327.1/46254-46153	51	65	109	G	A	substitution
AAQR03019327.1/46254-46153	53	67	111	G	C	substitution
AAQR03019327.1/46254-46153	54	68	112	U	C	substitution
AAQR03019327.1/46254-46153	55	69	113	U	G	substitution
AAQR03019327.1/46254-46153	86	100	161	C	U	substitution
AAWZ02017265.1/11968-11880	0	1	1	-	G	insert-after-RF-position
AAWZ02017265.1/11968-11880	4	5	5	U	C	substitution
AAWZ02017265.1/11968-11880	5	6	6	G	A	substitution
AAWZ02017265.1/11968-11880	8	8	10	U	-	deletion
AAWZ02017265.1/11968-11880	14	14	16	U	C	substitution
AAWZ02017265.1/11968-11880	15	15	17	C	U	substitution
AAWZ02017265.1/11968-11880	23	23	26	A	C	substitution
AAWZ02017265.1/11968-11880	30	30	33	G	A	substitution
AAWZ02017265.1/11968-11880	31	31	34	U	G	substitution
AAWZ02017265.1/11968-11880	32	32	35	G	U	substitution
AAWZ02017265.1/11968-11880	34	34	37	C	U	substitution
AAWZ02017265.1/11968-11880	35	35	38	A	G	substitution
AAWZ02017265.1/11968-11880	36	36	39	U	A	substitution
AAWZ02017265.1/11968-11880	37	37	40	C	G	substitution
AAWZ02017265.1/11968-11880	38	38	41	A	C	substitution
AAWZ02017265.1/11968-11880	41	41	44	C	G	substitution
AAWZ02017265.1/11968-11880	42	42	45	C	U	substitution
AAWZ02017265.1/11968-11880	44	44	47	C	A	substitution
AAWZ02017265.1/11968-11880	47	47	50	C	A	substitution
AAWZ02017265.1/11968-11880	48	48	51	U	C	substitution
AAWZ02017265.1/11968-11880	50	50	53	U	A	substitution
AAWZ02017265.1/11968-11880	50	51	54	-	C	insert-after-RF-position
AAWZ02017265.1/11968-11880	51	52	109	G	A	substitution
AAWZ02017265.1/11968-11880	52	53	110	G	C	substitution
AAWZ02017265.1/11968-11880	53	54	111	G	C	substitution
AAWZ02017265.1/11968-11880	55	56	113	U	G	substitution
AAWZ02017265.1/11968-11880	60	61	118	G	A	substitution
AAWZ02017265.1/11968-11880	63	64	121	A	U	substitution
AAWZ02017265.1/11968-11880	76	77	151	C	G	substitution
AAWZ02017265.1/11968-11880	77	78	152	U	C	substitution
AAWZ02017265.1/11968-11880	79	80	154	C	U	substitution
AAWZ02017265.1/11968-11880	80	81	155	A	G	substitution
AAWZ02017265.1/11968-11880	84	85	159	C	U	substitution
AAWZ02017265.1/11968-11880	86	87	161	C	U	substitution
AAWZ02017265.1/11968-11880	88	89	163	U	G	substitution
CAAB02006781.1/1623-1725	0	1	1	-	G	insert-after-RF-position
CAAB02006781.1/1623-1725	1	2	2	G	C	substitution
CAAB02006781.1/1623-1725	2	3	3	G	A	substitution
CAAB02006781.1/1623-1725	8	8	10	U	-	deletion
CAAB02006781.1/1623-1725	11	11	13	A	G	substitution
CAAB02006781.1/1623-1725	28	28	31	G	A	substitution
CAAB02006781.1/1623-1725	30	30	33	G	C	substitution
CAAB02006781.1/1623-1725	32	32	35	G	C	substitution
CAAB02006781.1/1623-1725	33	33	36	U	A	substitution
CAAB02006781.1/1623-1725	34	34	37	C	A	substitution
CAAB02006781.1/1623-1725	41	41	44	C	U	substitution
CAAB02006781.1/1623-1725	43	43	46	A	U	substitution
CAAB02006781.1/1623-1725	44	44	47	C	G	substitution
CAAB02006781.1/1623-1725	45	45	48	C	U	substitution
CAAB02006781.1/1623-1725	47	47	50	C	U	substitution
CAAB02006781.1/1623-1725	48	48	51	U	G	substitution
CAAB02006781.1/1623-1725	49	49	52	C	A	substitution
CAAB02006781.1/1623-1725	50	51..67	54..108	-	UACGUGGUCUCCUCCCA	insert-after-RF-position
CAAB02006781.1/1623-1725	51	68	109	G	A	substitution
CAAB02006781.1/1623-1725	52	69	110	G	C	substitution
CAAB02006781.1/1623-1725	53	70	111	G	C	substitution
CAAB02006781.1/1623-1725	54	71	112	U	G	substitution
CAAB02006781.1/1623-1725	55	72	113	U	G	substitution
CAAB02006781.1/1623-1725	57	74	115	U	A	substitution
CAAB02006781.1/1623-1725	62	79	120	G	A	substitution
CAAB02006781.1/1623-1725	63..64	79	121..122	AC	-	deletion
CAAB02006781.1/1623-1725	75	90	150	U	C	substitution
CAAB02006781.1/1623-1725	76	91	151	C	G	substitution
CAAB02006781.1/1623-1725	82	97	157	C	U	substitution
CAAB02006781.1/1623-1725	83	98	158	C	G	substitution
CAAB02006781.1/1623-1725	84	99	159	C	U	substitution
CAAB02006781.1/1623-1725	86	101	161	C	U	substitution
CAAB02006781.1/1623-1725	88	103	163	U	C	substitution
AAEX03007799.1/48369-48272	0	1	1	-	G	insert-after-RF-position
AAEX03007799.1/48369-48272	3	4	4	C	U	substitution
AAEX03007799.1/48369-48272	4	5	5	U	C	substitution
AAEX03007799.1/48369-48272	5	6	6	G	A	substitution
AAEX03007799.1/48369-48272	15	17	18	-	G	insert-after-RF-position
AAEX03007799.1/48369-48272	31	33	34	U	A	substitution
AAEX03007799.1/48369-48272	32	34	35	G	C	substitution
AAEX03007799.1/48369-48272	34	36	37	C	U	substitution
AAEX03007799.1/48369-48272	35	37	38	A	G	substitution
AAEX03007799.1/48369-48272	38	40	41	A	U	substitution
AAEX03007799.1/48369-48272	39	41	42	A	U	substitution
AAEX03007799.1/48369-48272	40	42	43	A	C	substitution
AAEX03007799.1/48369-48272	41	43	44	C	G	substitution
AAEX03007799.1/48369-48272	42	44	45	C	G	substitution
AAEX03007799.1/48369-48272	45	47	48	C	U	substitution
AAEX03007799.1/48369-48272	46	48	49	U	A	substitution
AAEX03007799.1/48369-48272	47	49	50	C	A	substitution
AAEX03007799.1/48369-48272	48	50	51	U	C	substitution
AAEX03007799.1/48369-48272	49	51	52	C	A	substitution
AAEX03007799.1/48369-48272	50	52	53	U	A	substitution
AAEX03007799.1/48369-48272	50	53..60	54..61	-	CCCCCUUG	insert-after-RF-position
AAEX03007799.1/48369-48272	51	61	109	G	C	substitution
AAEX03007799.1/48369-48272	54	64	112	U	G	substitution
AAEX03007799.1/48369-48272	55	65	113	U	G	substitution
AAEX03007799.1/48369-48272	77	87	152	U	C	substitution
AAEX03007799.1/48369-48272	79	89	154	C	U	substitution
AAEX03007799.1/48369-48272	80	90	155	A	G	substitution
AAEX03007799.1/48369-48272	81	91	156	G	A	substitution
AAEX03007799.1/48369-48272	86	96	161	C	U	substitution
AAPE02012895.1/9444-9339	0	1	1	-	G	insert-after-RF-position
AAPE02012895.1/9444-9339	23	24	26	A	C	substitution
AAPE02012895.1/9444-9339	30	31	33	G	A	substitution
AAPE02012895.1/9444-9339	32	33	35	G	A	substitution
AAPE02012895.1/9444-9339	33	34	36	U	C	substitution
AAPE02012895.1/9444-9339	34	35	37	C	A	substitution
AAPE02012895.1/9444-9339	35	36	38	A	G	substitution
AAPE02012895.1/9444-9339	36	37	39	U	A	substitution
AAPE02012895.1/9444-9339	37	38	40	C	A	substitution
AAPE02012895.1/9444-9339	38	39	41	A	C	substitution
AAPE02012895.1/9444-9339	39	40	42	A	U	substitution
AAPE02012895.1/9444-9339	40	41	43	A	U	substitution
AAPE02012895.1/9444-9339	43	44	46	A	U	substitution
AAPE02012895.1/9444-9339	44	45	47	C	A	substitution
AAPE02012895.1/9444-9339	48	49	51	U	G	substitution
AAPE02012895.1/9444-9339	50	51	53	U	A	substitution
AAPE02012895.1/9444-9339	50	52..68	54..108	-	GUUGCUCACUUGAGCGA	insert-after-RF-position
AAPE02012895.1/9444-9339	51	69	109	G	C	substitution
AAPE02012895.1/9444-9339	52	70	110	G	A	substitution
AAPE02012895.1/9444-9339	54	72	112	U	C	substitution
AAPE02012895.1/9444-9339	55	73	113	U	G	substitution
AAPE02012895.1/9444-9339	86	104	161	C	U	substitution
AAWZ02017265.1/33588-33681	0	1	1	-	G	insert-after-RF-position
AAWZ02017265.1/33588-33681	4	5	5	U	C	substitution
AAWZ02017265.1/33588-33681	5	6	6	G	A	substitution
AAWZ02017265.1/33588-33681	8	8	10	U	-	deletion
AAWZ02017265.1/33588-33681	14	14	16	U	C	substitution
AAWZ02017265.1/33588-33681	15	15	17	C	U	substitution
AAWZ02017265.1/33588-33681	23	23	26	A	C	substitution
AAWZ02017265.1/33588-33681	30	30	33	G	U	substitution
AAWZ02017265.1/33588-33681	32	32	35	G	U	substitution
AAWZ02017265.1/33588-33681	33	33	36	U	C	substitution
AAWZ02017265.1/33588-33681	34	34	37	C	U	substitution
AAWZ02017265.1/33588-33681	35	35	38	A	C	substitution
AAWZ02017265.1/33588-33681	37	37	40	C	G	substitution
AAWZ02017265.1/33588-33681	38	38	41	A	C	substitution
AAWZ02017265.1/33588-33681	41	41	44	C	G	substitution
AAWZ02017265.1/33588-33681	42	42	45	C	A	substitution
AAWZ02017265.1/33588-33681	44	44	47	C	A	substitution
AAWZ02017265.1/33588-33681	46	46	49	U	C	substitution
AAWZ02017265.1/33588-33681	47	47	50	C	A	substitution
AAWZ02017265.1/33588-33681	48	48	51	U	C	substitution
AAWZ02017265.1/33588-33681	49	49	52	C	U	substitution
AAWZ02017265.1/33588-33681	50	51..56	54..59	-	CGAUGU	insert-after-RF-position
AAWZ02017265.1/33588-33681	51	57	109	G	U	substitution
AAWZ02017265.1/33588-33681	52	58	110	G	C	substitution
AAWZ02017265.1/33588-33681	54	60	112	U	A	substitution
AAWZ02017265.1/33588-33681	60	66	118	G	A	substitution
AAWZ02017265.1/33588-33681	61	67	119	A	G	substitution
AAWZ02017265.1/33588-33681	63	69	121	A	U	substitution
AAWZ02017265.1/33588-33681	76	82	151	C	G	substitution
AAWZ02017265.1/33588-33681	77	83	152	U	C	substitution
AAWZ02017265.1/33588-33681	79	85	154	C	U	substitution
AAWZ02017265.1/33588-33681	80	86	155	A	G	substitution
AAWZ02017265.1/33588-33681	82	88	157	C	U	substitution
AAWZ02017265.1/33588-33681	84	90	159	C	U	substitution
AAWZ02017265.1/33588-33681	86	92	161	C	U	substitution
AAWZ02017265.1/33588-33681	88	94	163	U	G	substitution
AADN03006686.1/3019-2926	0	1	1	-	G	insert-after-RF-position
AADN03006686.1/3019-2926	4	5	5	U	C	substitution
AADN03006686.1/3019-2926	14	15	16	U	C	substitution
AADN03006686.1/3019-2926	23	24	26	A	C	substitution
AADN03006686.1/3019-2926	29	30	32	C	G	substitution
AADN03006686.1/3019-2926	30	31	33	G	C	substitution
AADN03006686.1/3019-2926	31	32	34	U	A	substitution
AADN03006686.1/3019-2926	32	33	35	G	A	substitution
AADN03006686.1/3019-2926	33	34	36	U	A	substitution
AADN03006686.1/3019-2926	36	37	39	U	G	substitution
AADN03006686.1/3019-2926	37	38	40	C	U	substitution
AADN03006686.1/3019-2926	38	39	41	A	U	substitution
AADN03006686.1/3019-2926	39	40	42	A	U	substitution
AADN03006686.1/3019-2926	40	41	43	A	C	substitution
AADN03006686.1/3019-2926	41	42	44	C	U	substitution
AADN03006686.1/3019-2926	42	43	45	C	G	substitution
AADN03006686.1/3019-2926	44	45	47	C	G	substitution
AADN03006686.1/3019-2926	45	46	48	C	U	substitution
AADN03006686.1/3019-2926	47	48	50	C	G	substitution
AADN03006686.1/3019-2926	48	49	51	U	C	substitution
AADN03006686.1/3019-2926	49	50	52	C	G	substitution
AADN03006686.1/3019-2926	50	51	53	U	G	substitution
AADN03006686.1/3019-2926	50	52..58	54..60	-	GCCCCGA	insert-after-RF-position
AADN03006686.1/3019-2926	51	59	109	G	C	substitution
AADN03006686.1/3019-2926	52	60	110	G	U	substitution
AADN03006686.1/3019-2926	54	62	112	U	G	substitution
AADN03006686.1/3019-2926	55	63	113	U	G	substitution
AADN03006686.1/3019-2926	62	70	120	G	U	substitution
AADN03006686.1/3019-2926	63	70	121	A	-	deletion
AADN03006686.1/3019-2926	73	80	148	G	A	substitution
AADN03006686.1/3019-2926	75	81	150	U	-	deletion
AADN03006686.1/3019-2926	77	83	152	U	C	substitution
AADN03006686.1/3019-2926	79	85	154	C	U	substitution
AADN03006686.1/3019-2926	80	86	155	A	G	substitution
AADN03006686.1/3019-2926	85	91	160	U	A	substitution
AADN03006686.1/3019-2926	86	92	161	C	U	substitution
AAGW02013702.1/28641-28535	0	1	1	-	G	insert-after-RF-position
AAGW02013702.1/28641-28535	9	10	11	U	A	substitution
AAGW02013702.1/28641-28535	23	24	26	A	C	substitution
AAGW02013702.1/28641-28535	29	30	32	C	A	substitution
AAGW02013702.1/28641-28535	30	31	33	G	A	substitution
AAGW02013702.1/28641-28535	31	32	34	U	C	substitution
AAGW02013702.1/28641-28535	32	33	35	G	U	substitution
AAGW02013702.1/28641-28535	33	34	36	U	A	substitution
AAGW02013702.1/28641-28535	35	36	38	A	C	substitution
AAGW02013702.1/28641-28535	36	37	39	U	A	substitution
AAGW02013702.1/28641-28535	37	38	40	C	G	substitution
AAGW02013702.1/28641-28535	38	39	41	A	C	substitution
AAGW02013702.1/28641-28535	39	40	42	A	U	substitution
AAGW02013702.1/28641-28535	42	43	45	C	A	substitution
AAGW02013702.1/28641-28535	43	44	46	A	U	substitution
AAGW02013702.1/28641-28535	44	45	47	C	U	substitution
AAGW02013702.1/28641-28535	45	46	48	C	U	substitution
AAGW02013702.1/28641-28535	46	47	49	U	A	substitution
AAGW02013702.1/28641-28535	47	48	50	C	A	substitution
AAGW02013702.1/28641-28535	48	49	51	U	G	substitution
AAGW02013702.1/28641-28535	50	52..69	54..108	-	ACUAAGUCAGCACGUCAG	insert-after-RF-position
AAGW02013702.1/28641-28535	51	70	109	G	U	substitution
AAGW02013702.1/28641-28535	53	72	111	G	U	substitution
AAGW02013702.1/28641-28535	55	74	113	U	G	substitution
AAGW02013702.1/28641-28535	63	82	121	A	U	substitution
AAGW02013702.1/28641-28535	77	96	152	U	C	substitution
AAGW02013702.1/28641-28535	84	103	159	C	U	substitution
AAGW02013702.1/28641-28535	86	105	161	C	U	substitution
AAPE02012974.1/61822-61921	0	1	1	-	G	insert-after-RF-position
AAPE02012974.1/61822-61921	3	4	4	C	U	substitution
AAPE02012974.1/61822-61921	4	5	5	U	C	substitution
AAPE02012974.1/61822-61921	5	6	6	G	A	substitution
AAPE02012974.1/61822-61921	15	17	18	-	A	insert-after-RF-position
AAPE02012974.1/61822-61921	29	31	32	C	G	substitution
AAPE02012974.1/61822-61921	30	32	33	G	U	substitution
AAPE02012974.1/61822-61921	32	34	35	G	U	substitution
AAPE02012974.1/61822-61921	33	35	36	U	C	substitution
AAPE02012974.1/61822-61921	34	36	37	C	U	substitution
AAPE02012974.1/61822-61921	35	37	38	A	G	substitution
AAPE02012974.1/61822-61921	36	38	39	U	C	substitution
AAPE02012974.1/61822-61921	37	39	40	C	U	substitution
AAPE02012974.1/61822-61921	38	40	41	A	C	substitution
AAPE02012974.1/61822-61921	39	41	42	A	G	substitution
AAPE02012974.1/61822-61921	40	42	43	A	U	substitution
AAPE02012974.1/61822-61921	41	43	44	C	U	substitution
AAPE02012974.1/61822-61921	42	44	45	C	G	substitution
AAPE02012974.1/61822-61921	43	45	46	A	C	substitution
AAPE02012974.1/61822-61921	44	46	47	C	G	substitution
AAPE02012974.1/61822-61921	45	47	48	C	G	substitution
AAPE02012974.1/61822-61921	46	48	49	U	A	substitution
AAPE02012974.1/61822-61921	48	50	51	U	A	substitution
AAPE02012974.1/61822-61921	50	52	53	U	A	substitution
AAPE02012974.1/61822-61921	50	53..62	54..63	-	UAACCCUACC	insert-after-RF-position
AAPE02012974.1/61822-61921	51	63	109	G	U	substitution
AAPE02012974.1/61822-61921	52	64	110	G	U	substitution
AAPE02012974.1/61822-61921	53	65	111	G	A	substitution
AAPE02012974.1/61822-61921	54	66	112	U	G	substitution
AAPE02012974.1/61822-61921	55	67	113	U	G	substitution
AAPE02012974.1/61822-61921	79	91	154	C	U	substitution
AAPE02012974.1/61822-61921	80	92	155	A	G	substitution
AAPE02012974.1/61822-61921	81	93	156	G	A	substitution
AAPE02012974.1/61822-61921	86	98	161	C	U	substitution
CAAB02016770.1/2532-2438	0	1	1	-	G	insert-after-RF-position
CAAB02016770.1/2532-2438	1	2	2	G	C	substitution
CAAB02016770.1/2532-2438	3	4	4	C	G	substitution
CAAB02016770.1/2532-2438	4	5	5	U	A	substitution
CAAB02016770.1/2532-2438	7	7	8	C	-	deletion
CAAB02016770.1/2532-2438	18	18	21	C	G	substitution
CAAB02016770.1/2532-2438	28	28	31	G	A	substitution
CAAB02016770.1/2532-2438	30	30	33	G	A	substitution
CAAB02016770.1/2532-2438	31	31	34	U	G	substitution
CAAB02016770.1/2532-2438	32	32	35	G	C	substitution
CAAB02016770.1/2532-2438	34	34	37	C	U	substitution
CAAB02016770.1/2532-2438	35	35	38	A	G	substitution
CAAB02016770.1/2532-2438	37	37	40	C	U	substitution
CAAB02016770.1/2532-2438	39	39	42	A	C	substitution
CAAB02016770.1/2532-2438	40	40	43	A	C	substitution
CAAB02016770.1/2532-2438	41	41	44	C	A	substitution
CAAB02016770.1/2532-2438	43	43	46	A	C	substitution
CAAB02016770.1/2532-2438	44	44	47	C	U	substitution
CAAB02016770.1/2532-2438	45	45	48	C	A	substitution
CAAB02016770.1/2532-2438	46	46	49	U	A	substitution
CAAB02016770.1/2532-2438	47	47	50	C	A	substitution
CAAB02016770.1/2532-2438	49	49	52	C	G	substitution
CAAB02016770.1/2532-2438	50	50	53	U	A	substitution
CAAB02016770.1/2532-2438	50	51..59	54..62	-	UCCGCGGGU	insert-after-RF-position
CAAB02016770.1/2532-2438	51	60	109	G	C	substitution
CAAB02016770.1/2532-2438	52	61	110	G	A	substitution
CAAB02016770.1/2532-2438	53	62	111	G	C	substitution
CAAB02016770.1/2532-2438	54	63	112	U	A	substitution
CAAB02016770.1/2532-2438	55	64	113	U	G	substitution
CAAB02016770.1/2532-2438	60	69	118	G	C	substitution
CAAB02016770.1/2532-2438	62	71	120	G	A	substitution
CAAB02016770.1/2532-2438	63..64	71	121..122	AC	-	deletion
CAAB02016770.1/2532-2438	67	74	142	G	C	substitution
CAAB02016770.1/2532-2438	75	82	150	U	C	substitution
CAAB02016770.1/2532-2438	76	83	151	C	G	substitution
CAAB02016770.1/2532-2438	77	84	152	U	C	substitution
CAAB02016770.1/2532-2438	80	87	155	A	U	substitution
CAAB02016770.1/2532-2438	81	88	156	G	C	substitution
CAAB02016770.1/2532-2438	83	90	158	C	G	substitution
CAAB02016770.1/2532-2438	84	91	159	C	U	substitution
CAAB02016770.1/2532-2438	86	93	161	C	U	substitution
CAAB02016770.1/2532-2438	88	95	163	U	G	substitution
AAGU03004543.1/85259-85169	0	1	1	-	G	insert-after-RF-position
AAGU03004543.1/85259-85169	3	4	4	C	U	substitution
AAGU03004543.1/85259-85169	4	5	5	U	C	substitution
AAGU03004543.1/85259-85169	5	6	6	G	A	substitution
AAGU03004543.1/85259-85169	15	17	18	-	U	insert-after-RF-position
AAGU03004543.1/85259-85169	29	31	32	C	A	substitution
AAGU03004543.1/85259-85169	30	32	33	G	U	substitution
AAGU03004543.1/85259-85169	31	33	34	U	C	substitution
AAGU03004543.1/85259-85169	32	34	35	G	A	substitution
AAGU03004543.1/85259-85169	33	35	36	U	A	substitution
AAGU03004543.1/85259-85169	34	36	37	C	A	substitution
AAGU03004543.1/85259-85169	35	37	38	A	G	substitution
AAGU03004543.1/85259-85169	39	41	42	A	G	substitution
AAGU03004543.1/85259-85169	41	43	44	C	A	substitution
AAGU03004543.1/85259-85169	44	46	47	C	A	substitution
AAGU03004543.1/85259-85169	49	51	52	C	G	substitution
AAGU03004543.1/85259-85169	50	53	54	-	C	insert-after-RF-position
AAGU03004543.1/85259-85169	52	55	110	G	U	substitution
AAGU03004543.1/85259-85169	54	57	112	U	G	substitution
AAGU03004543.1/85259-85169	55	58	113	U	A	substitution
AAGU03004543.1/85259-85169	79	82	154	C	U	substitution
AAGU03004543.1/85259-85169	80	83	155	A	G	substitution
AAGU03004543.1/85259-85169	81	84	156	G	A	substitution
AAGU03004543.1/85259-85169	86	89	161	C	U	substitution
AAGW02008962.1/166-64	0	1	1	-	G	insert-after-RF-position
AAGW02008962.1/166-64	9	10	11	U	A	substitution
AAGW02008962.1/166-64	23	24	26	A	C	substitution
AAGW02008962.1/166-64	29	30	32	C	A	substitution
AAGW02008962.1/166-64	30	31	33	G	C	substitution
AAGW02008962.1/166-64	31	32	34	U	G	substitution
AAGW02008962.1/166-64	32	33	35	G	C	substitution
AAGW02008962.1/166-64	33	34	36	U	A	substitution
AAGW02008962.1/166-64	34	35	37	C	G	substitution
AAGW02008962.1/166-64	36	37	39	U	A	substitution
AAGW02008962.1/166-64	37	38	40	C	G	substitution
AAGW02008962.1/166-64	38	39	41	A	C	substitution
AAGW02008962.1/166-64	39	40	42	A	U	substitution
AAGW02008962.1/166-64	42	43	45	C	U	substitution
AAGW02008962.1/166-64	43	44	46	A	U	substitution
AAGW02008962.1/166-64	44	45	47	C	G	substitution
AAGW02008962.1/166-64	45	46	48	C	A	substitution
AAGW02008962.1/166-64	46	47	49	U	A	substitution
AAGW02008962.1/166-64	47	48	50	C	G	substitution
AAGW02008962.1/166-64	48	49	51	U	C	substitution
AAGW02008962.1/166-64	49	50	52	C	U	substitution
AAGW02008962.1/166-64	50	51	53	U	A	substitution
AAGW02008962.1/166-64	50	52..65	54..108	-	AGUCAGCAUGCAAG	insert-after-RF-position
AAGW02008962.1/166-64	51	66	109	G	U	substitution
AAGW02008962.1/166-64	53	68	111	G	C	substitution
AAGW02008962.1/166-64	55	70	113	U	G	substitution
AAGW02008962.1/166-64	63	78	121	A	U	substitution
AAGW02008962.1/166-64	77	92	152	U	C	substitution
AAGW02008962.1/166-64	84	99	159	C	U	substitution
AAGW02008962.1/166-64	86	101	161	C	U	substitution
AAGJ04060735.1/3776-3896	0	1	1	-	U	insert-after-RF-position
AAGJ04060735.1/3776-3896	8	8	10	U	-	deletion
AAGJ04060735.1/3776-3896	10	10	12	U	A	substitution
AAGJ04060735.1/3776-3896	14	14	16	U	A	substitution
AAGJ04060735.1/3776-3896	15	15	17	C	G	substitution
AAGJ04060735.1/3776-3896	16	16	19	A	U	substitution
AAGJ04060735.1/3776-3896	18	18	21	C	U	substitution
AAGJ04060735.1/3776-3896	21	21	24	U	A	substitution
AAGJ04060735.1/3776-3896	29	29	32	C	U	substitution
AAGJ04060735.1/3776-3896	30	30	33	G	A	substitution
AAGJ04060735.1/3776-3896	32	32	35	G	A	substitution
AAGJ04060735.1/3776-3896	33	33	36	U	G	substitution
AAGJ04060735.1/3776-3896	37	37	40	C	A	substitution
AAGJ04060735.1/3776-3896	39	39	42	A	U	substitution
AAGJ04060735.1/3776-3896	40	40	43	A	G	substitution
AAGJ04060735.1/3776-3896	41	41	44	C	G	substitution
AAGJ04060735.1/3776-3896	44	44	47	C	U	substitution
AAGJ04060735.1/3776-3896	45	45	48	C	U	substitution
AAGJ04060735.1/3776-3896	46	46	49	U	G	substitution
AAGJ04060735.1/3776-3896	48	48	51	U	A	substitution
AAGJ04060735.1/3776-3896	49	49	52	C	A	substitution
AAGJ04060735.1/3776-3896	50	51..68	54..108	-	UAACCUUCAUUUAAUGAU	insert-after-RF-position
AAGJ04060735.1/3776-3896	51	69	109	G	A	substitution
AAGJ04060735.1/3776-3896	53	71	111	G	U	substitution
AAGJ04060735.1/3776-3896	54	72	112	U	G	substitution
AAGJ04060735.1/3776-3896	55	73	113	U	G	substitution
AAGJ04060735.1/3776-3896	62	80	120	G	U	substitution
AAGJ04060735.1/3776-3896	63	81	121	A	C	substitution
AAGJ04060735.1/3776-3896	64	83..97	123..139	-	CCACUGCGUUUAUUU	insert-after-RF-position
AAGJ04060735.1/3776-3896	66	99	141	C	U	substitution
AAGJ04060735.1/3776-3896	67	100	142	G	A	substitution
AAGJ04060735.1/3776-3896	69	102	144	G	A	substitution
AAGJ04060735.1/3776-3896	70	103	145	G	C	substitution
AAGJ04060735.1/3776-3896	75	108	150	U	G	substitution
AAGJ04060735.1/3776-3896	76	109	151	C	A	substitution
AAGJ04060735.1/3776-3896	84	117	159	C	U	substitution
AAGJ04060735.1/3776-3896	86	119	161	C	U	substitution
AAGJ04060731.1/512-632	0	1	1	-	U	insert-after-RF-position
AAGJ04060731.1/512-632	8	8	10	U	-	deletion
AAGJ04060731.1/512-632	10	10	12	U	A	substitution
AAGJ04060731.1/512-632	14	14	16	U	A	substitution
AAGJ04060731.1/512-632	15	15	17	C	G	substitution
AAGJ04060731.1/512-632	16	16	19	A	U	substitution
AAGJ04060731.1/512-632	18	18	21	C	U	substitution
AAGJ04060731.1/512-632	21	21	24	U	A	substitution
AAGJ04060731.1/512-632	29	29	32	C	U	substitution
AAGJ04060731.1/512-632	30	30	33	G	A	substitution
AAGJ04060731.1/512-632	31	31	34	U	A	substitution
AAGJ04060731.1/512-632	32	32	35	G	A	substitution
AAGJ04060731.1/512-632	33	33	36	U	G	substitution
AAGJ04060731.1/512-632	36	36	39	U	A	substitution
AAGJ04060731.1/512-632	37	37	40	C	A	substitution
AAGJ04060731.1/512-632	39	39	42	A	U	substitution
AAGJ04060731.1/512-632	40	40	43	A	G	substitution
AAGJ04060731.1/512-632	41	41	44	C	G	substitution
AAGJ04060731.1/512-632	42	42	45	C	U	substitution
AAGJ04060731.1/512-632	44	44	47	C	U	substitution
AAGJ04060731.1/512-632	45	45	48	C	U	substitution
AAGJ04060731.1/512-632	46	46	49	U	G	substitution
AAGJ04060731.1/512-632	48	48	51	U	A	substitution
AAGJ04060731.1/512-632	49	49	52	C	A	substitution
AAGJ04060731.1/512-632	50	51..68	54..108	-	UAACUGUCACUUAAUGUU	insert-after-RF-position
AAGJ04060731.1/512-632	51	69	109	G	U	substitution
AAGJ04060731.1/512-632	53	71	111	G	U	substitution
AAGJ04060731.1/512-632	54	72	112	U	G	substitution
AAGJ04060731.1/512-632	55	73	113	U	G	substitution
AAGJ04060731.1/512-632	62	80	120	G	U	substitution
AAGJ04060731.1/512-632	63	81	121	A	C	substitution
AAGJ04060731.1/512-632	64	83..97	123..139	-	CCACUGCGUUUCUUU	insert-after-RF-position
AAGJ04060731.1/512-632	66	99	141	C	U	substitution
AAGJ04060731.1/512-632	67	100	142	G	A	substitution
AAGJ04060731.1/512-632	69	102	144	G	A	substitution
AAGJ04060731.1/512-632	70	103	145	G	C	substitution
AAGJ04060731.1/512-632	75	108	150	U	G	substitution
AAGJ04060731.1/512-632	76	109	151	C	A	substitution
AAGJ04060731.1/512-632	83	116	158	C	U	substitution
AAGJ04060731.1/512-632	84	117	159	C	U	substitution
AAGJ04060731.1/512-632	86	119	161	C	U	substitution
AAGJ04060733.1/971-1090	0	1	1	-	U	insert-after-RF-position
AAGJ04060733.1/971-1090	8	8	10	U	-	deletion
AAGJ04060733.1/971-1090	10	10	12	U	A	substitution
AAGJ04060733.1/971-1090	11	11	13	A	G	substitution
AAGJ04060733.1/971-1090	14	14	16	U	A	substitution
AAGJ04060733.1/971-1090	15	15	17	C	G	substitution
AAGJ04060733.1/971-1090	16	16	19	A	U	substitution
AAGJ04060733.1/971-1090	18	18	21	C	U	substitution
AAGJ04060733.1/971-1090	21	21	24	U	A	substitution
AAGJ04060733.1/971-1090	29	29	32	C	U	substitution
AAGJ04060733.1/971-1090	30	30	33	G	A	substitution
AAGJ04060733.1/971-1090	32	32	35	G	A	substitution
AAGJ04060733.1/971-1090	33	33	36	U	G	substitution
AAGJ04060733.1/971-1090	36	36	39	U	A	substitution
AAGJ04060733.1/971-1090	37	37	40	C	A	substitution
AAGJ04060733.1/971-1090	39	39	42	A	C	substitution
AAGJ04060733.1/971-1090	40	40	43	A	G	substitution
AAGJ04060733.1/971-1090	41	41	44	C	G	substitution
AAGJ04060733.1/971-1090	42	42	45	C	U	substitution
AAGJ04060733.1/971-1090	44	44	47	C	U	substitution
AAGJ04060733.1/971-1090	45	45	48	C	U	substitution
AAGJ04060733.1/971-1090	46	46	49	U	G	substitution
AAGJ04060733.1/971-1090	48	48	51	U	A	substitution
AAGJ04060733.1/971-1090	49	49	52	C	A	substitution
AAGJ04060733.1/971-1090	50	51..67	54..108	-	UAAUUGUGGCUUAAUGU	insert-after-RF-position
AAGJ04060733.1/971-1090	51	68	109	G	U	substitution
AAGJ04060733.1/971-1090	53	70	111	G	U	substitution
AAGJ04060733.1/971-1090	54	71	112	U	G	substitution
AAGJ04060733.1/971-1090	55	72	113	U	G	substitution
AAGJ04060733.1/971-1090	62	79	120	G	U	substitution
AAGJ04060733.1/971-1090	63	80	121	A	C	substitution
AAGJ04060733.1/971-1090	64	82..96	123..139	-	CCACUGCGUUUCUUU	insert-after-RF-position
AAGJ04060733.1/971-1090	66	98	141	C	U	substitution
AAGJ04060733.1/971-1090	67	99	142	G	A	substitution
AAGJ04060733.1/971-1090	69	101	144	G	A	substitution
AAGJ04060733.1/971-1090	70	102	145	G	C	substitution
AAGJ04060733.1/971-1090	75	107	150	U	G	substitution
AAGJ04060733.1/971-1090	76	108	151	C	A	substitution
AAGJ04060733.1/971-1090	83	115	158	C	U	substitution
AAGJ04060733.1/971-1090	86	118	161	C	U	substitution
AAGJ04020426.1/4514-4635	0	1	1	-	U	insert-after-RF-position
AAGJ04020426.1/4514-4635	8	8	10	U	-	deletion
AAGJ04020426.1/4514-4635	10	10	12	U	A	substitution
AAGJ04020426.1/4514-4635	14	14	16	U	A	substitution
AAGJ04020426.1/4514-4635	15	15	17	C	G	substitution
AAGJ04020426.1/4514-4635	16	16	19	A	U	substitution
AAGJ04020426.1/4514-4635	18	18	21	C	U	substitution
AAGJ04020426.1/4514-4635	21	21	24	U	A	substitution
AAGJ04020426.1/4514-4635	29	29	32	C	U	substitution
AAGJ04020426.1/4514-4635	30	30	33	G	A	substitution
AAGJ04020426.1/4514-4635	32	32	35	G	A	substitution
AAGJ04020426.1/4514-4635	33	33	36	U	G	substitution
AAGJ04020426.1/4514-4635	35	35	38	A	U	substitution
AAGJ04020426.1/4514-4635	36	36	39	U	A	substitution
AAGJ04020426.1/4514-4635	37	37	40	C	A	substitution
AAGJ04020426.1/4514-4635	39	39	42	A	U	substitution
AAGJ04020426.1/4514-4635	40	40	43	A	G	substitution
AAGJ04020426.1/4514-4635	41	41	44	C	G	substitution
AAGJ04020426.1/4514-4635	42	42	45	C	U	substitution
AAGJ04020426.1/4514-4635	44	44	47	C	A	substitution
AAGJ04020426.1/4514-4635	45	45	48	C	A	substitution
AAGJ04020426.1/4514-4635	46	46	49	U	G	substitution
AAGJ04020426.1/4514-4635	48	48	51	U	C	substitution
AAGJ04020426.1/4514-4635	50	51..69	54..108	-	UAUUAAUCACAUGAGUAUU	insert-after-RF-position
AAGJ04020426.1/4514-4635	51	70	109	G	U	substitution
AAGJ04020426.1/4514-4635	53	72	111	G	U	substitution
AAGJ04020426.1/4514-4635	54	73	112	U	G	substitution
AAGJ04020426.1/4514-4635	55	74	113	U	G	substitution
AAGJ04020426.1/4514-4635	62	81	120	G	U	substitution
AAGJ04020426.1/4514-4635	63	82	121	A	C	substitution
AAGJ04020426.1/4514-4635	64	84..98	123..139	-	CCACUACGUCUCUUU	insert-after-RF-position
AAGJ04020426.1/4514-4635	66	100	141	C	U	substitution
AAGJ04020426.1/4514-4635	67	101	142	G	A	substitution
AAGJ04020426.1/4514-4635	69	103	144	G	A	substitution
AAGJ04020426.1/4514-4635	70	104	145	G	C	substitution
AAGJ04020426.1/4514-4635	75	109	150	U	G	substitution
AAGJ04020426.1/4514-4635	76	110	151	C	A	substitution
AAGJ04020426.1/4514-4635	83	117	158	C	U	substitution
AAGJ04020426.1/4514-4635	84	118	159	C	U	substitution
AAGJ04020426.1/4514-4635	86	120	161	C	U	substitution
AAGJ04060733.1/252-131	0	1	1	-	U	insert-after-RF-position
AAGJ04060733.1/252-131	8	8	10	U	-	deletion
AAGJ04060733.1/252-131	10	10	12	U	A	substitution
AAGJ04060733.1/252-131	14	14	16	U	A	substitution
AAGJ04060733.1/252-131	15	15	17	C	G	substitution
AAGJ04060733.1/252-131	16	16	19	A	U	substitution
AAGJ04060733.1/252-131	18	18	21	C	U	substitution
AAGJ04060733.1/252-131	21	21	24	U	A	substitution
AAGJ04060733.1/252-131	29	29	32	C	U	substitution
AAGJ04060733.1/252-131	30	30	33	G	A	substitution
AAGJ04060733.1/252-131	32	32	35	G	A	substitution
AAGJ04060733.1/252-131	33	33	36	U	G	substitution
AAGJ04060733.1/252-131	35	35	38	A	U	substitution
AAGJ04060733.1/252-131	36	36	39	U	A	substitution
AAGJ04060733.1/252-131	37	37	40	C	A	substitution
AAGJ04060733.1/252-131	39	39	42	A	U	substitution
AAGJ04060733.1/252-131	40	40	43	A	G	substitution
AAGJ04060733.1/252-131	41	41	44	C	G	substitution
AAGJ04060733.1/252-131	42	42	45	C	A	substitution
AAGJ04060733.1/252-131	44	44	47	C	U	substitution
AAGJ04060733.1/252-131	45	45	48	C	A	substitution
AAGJ04060733.1/252-131	46	46	49	U	G	substitution
AAGJ04060733.1/252-131	48	48	51	U	A	substitution
AAGJ04060733.1/252-131	50	51..69	54..108	-	UACUAAUCACAUGAGUAUU	insert-after-RF-position
AAGJ04060733.1/252-131	51	70	109	G	U	substitution
AAGJ04060733.1/252-131	53	72	111	G	U	substitution
AAGJ04060733.1/252-131	54	73	112	U	G	substitution
AAGJ04060733.1/252-131	55	74	113	U	G	substitution
AAGJ04060733.1/252-131	62	81	120	G	U	substitution
AAGJ04060733.1/252-131	63	82	121	A	C	substitution
AAGJ04060733.1/252-131	64	84..98	123..139	-	CCACUACGUCUCUUU	insert-after-RF-position
AAGJ04060733.1/252-131	66	100	141	C	U	substitution
AAGJ04060733.1/252-131	67	101	142	G	A	substitution
AAGJ04060733.1/252-131	69	103	144	G	A	substitution
AAGJ04060733.1/252-131	70	104	145	G	U	substitution
AAGJ04060733.1/252-131	72	106	147	C	U	substitution
AAGJ04060733.1/252-131	75	109	150	U	G	substitution
AAGJ04060733.1/252-131	76	110	151	C	U	substitution
AAGJ04060733.1/252-131	83	117	158	C	U	substitution
AAGJ04060733.1/252-131	84	118	159	C	U	substitution
AAGJ04060733.1/252-131	86	120	161	C	U	substitution
