# Reference (RF) set as #=GC RF from alignment 
#seqname	rfpos	sqpos	apos	rfchar	sqchar	description
AF045145.1/1-88	1	0	1	G	-	deletion
AF045145.1/1-88	5	4	5	c	U	substitution
AF045145.1/1-88	30	29	32	a	C	substitution
AF045145.1/1-88	31	30	33	c	G	substitution
AF045145.1/1-88	33	32	35	a	G	substitution
AF045145.1/1-88	34	33	36	a	U	substitution
AF045145.1/1-88	35	34	37	u	C	substitution
AF045145.1/1-88	38	37	40	a	C	substitution
AF045145.1/1-88	40	39	42	u	A	substitution
AF045145.1/1-88	41	40	43	u	A	substitution
AF045145.1/1-88	42	41	44	u	C	substitution
AF045145.1/1-88	43	42	45	u	C	substitution
AF045145.1/1-88	45	44	47	u	C	substitution
AF045145.1/1-88	46	45	48	u	C	substitution
AF045145.1/1-88	52..61	50	54..63	uuauuuuuuu	-	deletion
AF045145.1/1-88	62	51	109	u	G	substitution
AF045145.1/1-88	65	54	112	g	U	substitution
AF045145.1/1-88	66	55	113	G	U	substitution
AF045145.1/1-88	87	76	151	g	C	substitution
AF045145.1/1-88	91	80	155	g	A	substitution
AF045145.1/1-88	97	86	161	U	C	substitution
AADA01028285.1/4499-4587	5	5	5	c	U	substitution
AADA01028285.1/4499-4587	30	30	32	a	C	substitution
AADA01028285.1/4499-4587	31	31	33	c	G	substitution
AADA01028285.1/4499-4587	33	33	35	a	G	substitution
AADA01028285.1/4499-4587	34	34	36	a	U	substitution
AADA01028285.1/4499-4587	35	35	37	u	C	substitution
AADA01028285.1/4499-4587	38	38	40	a	C	substitution
AADA01028285.1/4499-4587	40	40	42	u	A	substitution
AADA01028285.1/4499-4587	41	41	43	u	A	substitution
AADA01028285.1/4499-4587	42	42	44	u	C	substitution
AADA01028285.1/4499-4587	43	43	45	u	C	substitution
AADA01028285.1/4499-4587	45	45	47	u	C	substitution
AADA01028285.1/4499-4587	46	46	48	u	C	substitution
AADA01028285.1/4499-4587	52..61	51	54..63	uuauuuuuuu	-	deletion
AADA01028285.1/4499-4587	62	52	109	u	G	substitution
AADA01028285.1/4499-4587	65	55	112	g	U	substitution
AADA01028285.1/4499-4587	79	69	143	C	U	substitution
AADA01028285.1/4499-4587	87	77	151	g	C	substitution
AADA01028285.1/4499-4587	91	81	155	g	A	substitution
AADA01028285.1/4499-4587	92	82	156	g	U	substitution
AADA01028285.1/4499-4587	94	84	158	c	U	substitution
AADA01028285.1/4499-4587	97	87	161	U	C	substitution
AANU01185798.1/9761-9673	5	5	5	c	U	substitution
AANU01185798.1/9761-9673	30	30	32	a	C	substitution
AANU01185798.1/9761-9673	31	31	33	c	A	substitution
AANU01185798.1/9761-9673	32	32	34	u	G	substitution
AANU01185798.1/9761-9673	33	33	35	a	U	substitution
AANU01185798.1/9761-9673	34	34	36	a	U	substitution
AANU01185798.1/9761-9673	35	35	37	u	C	substitution
AANU01185798.1/9761-9673	37	37	39	u	G	substitution
AANU01185798.1/9761-9673	38	38	40	a	C	substitution
AANU01185798.1/9761-9673	40	40	42	u	A	substitution
AANU01185798.1/9761-9673	41	41	43	u	A	substitution
AANU01185798.1/9761-9673	42	42	44	u	C	substitution
AANU01185798.1/9761-9673	43	43	45	u	C	substitution
AANU01185798.1/9761-9673	45	45	47	u	C	substitution
AANU01185798.1/9761-9673	46	46	48	u	C	substitution
AANU01185798.1/9761-9673	52..61	51	54..63	uuauuuuuuu	-	deletion
AANU01185798.1/9761-9673	62	52	109	u	G	substitution
AANU01185798.1/9761-9673	65	55	112	g	U	substitution
AANU01185798.1/9761-9673	66	56	113	G	U	substitution
AANU01185798.1/9761-9673	84	74	148	G	A	substitution
AANU01185798.1/9761-9673	87	77	151	g	C	substitution
AANU01185798.1/9761-9673	91	81	155	g	A	substitution
AADA01117796.1/4260-4348	5	5	5	c	U	substitution
AADA01117796.1/4260-4348	31	31	33	c	G	substitution
AADA01117796.1/4260-4348	34	34	36	a	C	substitution
AADA01117796.1/4260-4348	35	35	37	u	A	substitution
AADA01117796.1/4260-4348	36	36	38	a	U	substitution
AADA01117796.1/4260-4348	38	38	40	a	G	substitution
AADA01117796.1/4260-4348	39	39	41	a	U	substitution
AADA01117796.1/4260-4348	40	40	42	u	A	substitution
AADA01117796.1/4260-4348	41	41	43	u	A	substitution
AADA01117796.1/4260-4348	42	42	44	u	C	substitution
AADA01117796.1/4260-4348	43	43	45	u	C	substitution
AADA01117796.1/4260-4348	45	45	47	u	C	substitution
AADA01117796.1/4260-4348	46	46	48	u	C	substitution
AADA01117796.1/4260-4348	52..61	51	54..63	uuauuuuuuu	-	deletion
AADA01117796.1/4260-4348	62	52	109	u	G	substitution
AADA01117796.1/4260-4348	65	55	112	g	U	substitution
AADA01117796.1/4260-4348	83	73	147	C	U	substitution
AADA01117796.1/4260-4348	87	77	151	g	U	substitution
AADA01117796.1/4260-4348	91	81	155	g	A	substitution
AADA01117796.1/4260-4348	94	84	158	c	U	substitution
AF045144.1/1-88	1	0	1	G	-	deletion
AF045144.1/1-88	5	4	5	c	U	substitution
AF045144.1/1-88	31	30	33	c	G	substitution
AF045144.1/1-88	34	33	36	a	C	substitution
AF045144.1/1-88	35	34	37	u	A	substitution
AF045144.1/1-88	36	35	38	a	U	substitution
AF045144.1/1-88	38	37	40	a	G	substitution
AF045144.1/1-88	39	38	41	a	U	substitution
AF045144.1/1-88	40	39	42	u	A	substitution
AF045144.1/1-88	41	40	43	u	A	substitution
AF045144.1/1-88	42	41	44	u	C	substitution
AF045144.1/1-88	43	42	45	u	C	substitution
AF045144.1/1-88	45	44	47	u	C	substitution
AF045144.1/1-88	46	45	48	u	C	substitution
AF045144.1/1-88	52..61	50	54..63	uuauuuuuuu	-	deletion
AF045144.1/1-88	62	51	109	u	G	substitution
AF045144.1/1-88	65	54	112	g	U	substitution
AF045144.1/1-88	83	72	147	C	U	substitution
AF045144.1/1-88	87	76	151	g	U	substitution
AF045144.1/1-88	91	80	155	g	A	substitution
AF045144.1/1-88	94	83	158	c	U	substitution
AANN01510211.1/1211-1299	5	5	5	c	U	substitution
AANN01510211.1/1211-1299	30	30	32	a	U	substitution
AANN01510211.1/1211-1299	31	31	33	c	G	substitution
AANN01510211.1/1211-1299	32	32	34	u	C	substitution
AANN01510211.1/1211-1299	33	33	35	a	U	substitution
AANN01510211.1/1211-1299	34	34	36	a	U	substitution
AANN01510211.1/1211-1299	35	35	37	u	A	substitution
AANN01510211.1/1211-1299	37	37	39	u	C	substitution
AANN01510211.1/1211-1299	41	41	43	u	C	substitution
AANN01510211.1/1211-1299	42	42	44	u	A	substitution
AANN01510211.1/1211-1299	43	43	45	u	C	substitution
AANN01510211.1/1211-1299	45	45	47	u	C	substitution
AANN01510211.1/1211-1299	48	48	50	c	A	substitution
AANN01510211.1/1211-1299	49	49	51	u	C	substitution
AANN01510211.1/1211-1299	50	50	52	c	G	substitution
AANN01510211.1/1211-1299	51	51	53	u	A	substitution
AANN01510211.1/1211-1299	52..61	51	54..63	uuauuuuuuu	-	deletion
AANN01510211.1/1211-1299	62	52	109	u	G	substitution
AANN01510211.1/1211-1299	63	53	110	g	U	substitution
AANN01510211.1/1211-1299	65	55	112	g	A	substitution
AANN01510211.1/1211-1299	73	63	120	g	U	substitution
AANN01510211.1/1211-1299	87	77	151	g	C	substitution
AANN01510211.1/1211-1299	91	81	155	g	A	substitution
AANN01510211.1/1211-1299	94	84	158	c	U	substitution
ABDC01204167.1/4653-4552	5	5	5	c	U	substitution
ABDC01204167.1/4653-4552	9	9	10	U	C	substitution
ABDC01204167.1/4653-4552	24	24	26	A	C	substitution
ABDC01204167.1/4653-4552	31	31	33	c	U	substitution
ABDC01204167.1/4653-4552	32	32	34	u	C	substitution
ABDC01204167.1/4653-4552	33	33	35	a	G	substitution
ABDC01204167.1/4653-4552	34	34	36	a	C	substitution
ABDC01204167.1/4653-4552	35	35	37	u	A	substitution
ABDC01204167.1/4653-4552	36	36	38	a	U	substitution
ABDC01204167.1/4653-4552	37	37	39	u	G	substitution
ABDC01204167.1/4653-4552	38	38	40	a	U	substitution
ABDC01204167.1/4653-4552	39	39	41	a	C	substitution
ABDC01204167.1/4653-4552	40	40	42	u	A	substitution
ABDC01204167.1/4653-4552	41	41	43	u	A	substitution
ABDC01204167.1/4653-4552	42	42	44	u	C	substitution
ABDC01204167.1/4653-4552	43	43	45	u	A	substitution
ABDC01204167.1/4653-4552	45	45	47	u	C	substitution
ABDC01204167.1/4653-4552	52	52	54	u	G	substitution
ABDC01204167.1/4653-4552	54	54	56	a	G	substitution
ABDC01204167.1/4653-4552	56	56	58	u	A	substitution
ABDC01204167.1/4653-4552	57	57	59	u	G	substitution
ABDC01204167.1/4653-4552	59	59	61	u	C	substitution
ABDC01204167.1/4653-4552	60	60	62	u	A	substitution
ABDC01204167.1/4653-4552	61	60	63	u	-	deletion
ABDC01204167.1/4653-4552	62	61	109	u	G	substitution
ABDC01204167.1/4653-4552	63	62	110	g	A	substitution
ABDC01204167.1/4653-4552	65	64	112	g	C	substitution
ABDC01204167.1/4653-4552	73	72	120	g	U	substitution
ABDC01204167.1/4653-4552	75	75..78	123..139	-	ccac	insert-after-RF-position
ABDC01204167.1/4653-4552	87	90	151	g	C	substitution
ABDC01204167.1/4653-4552	91	94	155	g	A	substitution
AAYZ01312112.1/750-847	5	5	5	c	U	substitution
AAYZ01312112.1/750-847	24	24	26	A	C	substitution
AAYZ01312112.1/750-847	30	30	32	a	U	substitution
AAYZ01312112.1/750-847	31	31	33	c	G	substitution
AAYZ01312112.1/750-847	34	34	36	a	G	substitution
AAYZ01312112.1/750-847	36	36	38	a	U	substitution
AAYZ01312112.1/750-847	38	38	40	a	G	substitution
AAYZ01312112.1/750-847	40	40	42	u	C	substitution
AAYZ01312112.1/750-847	41	41	43	u	A	substitution
AAYZ01312112.1/750-847	42	42	44	u	C	substitution
AAYZ01312112.1/750-847	44	44	46	a	U	substitution
AAYZ01312112.1/750-847	45	45	47	u	G	substitution
AAYZ01312112.1/750-847	46	46	48	u	G	substitution
AAYZ01312112.1/750-847	48	48	50	c	U	substitution
AAYZ01312112.1/750-847	49	49	51	u	A	substitution
AAYZ01312112.1/750-847	51	51	53	u	A	substitution
AAYZ01312112.1/750-847	52	52	54	u	A	substitution
AAYZ01312112.1/750-847	53	53	55	u	C	substitution
AAYZ01312112.1/750-847	54	54	56	a	U	substitution
AAYZ01312112.1/750-847	55	55	57	u	G	substitution
AAYZ01312112.1/750-847	57	57	59	u	A	substitution
AAYZ01312112.1/750-847	58	58	60	u	G	substitution
AAYZ01312112.1/750-847	59	59	61	u	A	substitution
AAYZ01312112.1/750-847	61	60	63	u	-	deletion
AAYZ01312112.1/750-847	62	61	109	u	G	substitution
AAYZ01312112.1/750-847	63	62	110	g	A	substitution
AAYZ01312112.1/750-847	64	63	111	g	A	substitution
AAYZ01312112.1/750-847	65	64	112	g	C	substitution
AAYZ01312112.1/750-847	66	65	113	G	A	substitution
AAYZ01312112.1/750-847	72	71	119	A	C	substitution
AAYZ01312112.1/750-847	87	86	151	g	C	substitution
AAYZ01312112.1/750-847	91	90	155	g	A	substitution
AAYZ01312112.1/750-847	93	92	157	C	U	substitution
AAFR03032607.1/51488-51600	5	5	5	c	U	substitution
AAFR03032607.1/51488-51600	15	15	16	u	C	substitution
AAFR03032607.1/51488-51600	24	24	26	A	C	substitution
AAFR03032607.1/51488-51600	29	29	31	g	C	substitution
AAFR03032607.1/51488-51600	30	30	32	a	C	substitution
AAFR03032607.1/51488-51600	31	31	33	c	U	substitution
AAFR03032607.1/51488-51600	32	32	34	u	C	substitution
AAFR03032607.1/51488-51600	34	34	36	a	U	substitution
AAFR03032607.1/51488-51600	36	36	38	a	U	substitution
AAFR03032607.1/51488-51600	37	37	39	u	A	substitution
AAFR03032607.1/51488-51600	40	40	42	u	C	substitution
AAFR03032607.1/51488-51600	41	41	43	u	A	substitution
AAFR03032607.1/51488-51600	44	44	46	a	U	substitution
AAFR03032607.1/51488-51600	45	45	47	u	C	substitution
AAFR03032607.1/51488-51600	48	48	50	c	A	substitution
AAFR03032607.1/51488-51600	49	49	51	u	C	substitution
AAFR03032607.1/51488-51600	50	50	52	c	A	substitution
AAFR03032607.1/51488-51600	51	51	53	u	A	substitution
AAFR03032607.1/51488-51600	54	54	56	a	U	substitution
AAFR03032607.1/51488-51600	55	55	57	u	C	substitution
AAFR03032607.1/51488-51600	56	56	58	u	C	substitution
AAFR03032607.1/51488-51600	57	57	59	u	C	substitution
AAFR03032607.1/51488-51600	60	60	62	u	G	substitution
AAFR03032607.1/51488-51600	61	61	63	u	G	substitution
AAFR03032607.1/51488-51600	61	62..75	64..108	-	ugguucgaauccca	insert-after-RF-position
AAFR03032607.1/51488-51600	62	76	109	u	G	substitution
AAFR03032607.1/51488-51600	64	78	111	g	A	substitution
AAFR03032607.1/51488-51600	65	79	112	g	C	substitution
AAFR03032607.1/51488-51600	66	80	113	G	C	substitution
AAFR03032607.1/51488-51600	67	81	114	G	A	substitution
AAFR03032607.1/51488-51600	69	83	116	u	C	substitution
AAFR03032607.1/51488-51600	70	84	117	c	A	substitution
AAFR03032607.1/51488-51600	87	101	151	g	U	substitution
AAFR03032607.1/51488-51600	88	102	152	U	C	substitution
AAFR03032607.1/51488-51600	93	107	157	C	U	substitution
AAYZ01312112.1/5102-5200	5	5	5	c	U	substitution
AAYZ01312112.1/5102-5200	10	10	11	U	C	substitution
AAYZ01312112.1/5102-5200	24	24	26	A	C	substitution
AAYZ01312112.1/5102-5200	30	30	32	a	U	substitution
AAYZ01312112.1/5102-5200	34	34	36	a	C	substitution
AAYZ01312112.1/5102-5200	35	35	37	u	A	substitution
AAYZ01312112.1/5102-5200	36	36	38	a	U	substitution
AAYZ01312112.1/5102-5200	37	37	39	u	G	substitution
AAYZ01312112.1/5102-5200	38	38	40	a	C	substitution
AAYZ01312112.1/5102-5200	41	41	43	u	C	substitution
AAYZ01312112.1/5102-5200	42	42	44	u	A	substitution
AAYZ01312112.1/5102-5200	43	43	45	u	G	substitution
AAYZ01312112.1/5102-5200	45	45	47	u	C	substitution
AAYZ01312112.1/5102-5200	46	46	48	u	C	substitution
AAYZ01312112.1/5102-5200	48	48	50	c	A	substitution
AAYZ01312112.1/5102-5200	49	49	51	u	A	substitution
AAYZ01312112.1/5102-5200	51	51	53	u	C	substitution
AAYZ01312112.1/5102-5200	52	52	54	u	A	substitution
AAYZ01312112.1/5102-5200	53	53	55	u	C	substitution
AAYZ01312112.1/5102-5200	54	54	56	a	C	substitution
AAYZ01312112.1/5102-5200	55	55	57	u	A	substitution
AAYZ01312112.1/5102-5200	56	56	58	u	A	substitution
AAYZ01312112.1/5102-5200	57	57	59	u	C	substitution
AAYZ01312112.1/5102-5200	59	59	61	u	C	substitution
AAYZ01312112.1/5102-5200	60	60	62	u	G	substitution
AAYZ01312112.1/5102-5200	65	65	112	g	U	substitution
AAYZ01312112.1/5102-5200	72	72	119	A	C	substitution
AAYZ01312112.1/5102-5200	87	87	151	g	C	substitution
AAYZ01312112.1/5102-5200	91	91	155	g	A	substitution
AAYZ01312112.1/5102-5200	93	93	157	C	U	substitution
AAQQ01588127.1/1805-1892	5	5	5	c	U	substitution
AAQQ01588127.1/1805-1892	24	24	26	A	C	substitution
AAQQ01588127.1/1805-1892	30	30	32	a	C	substitution
AAQQ01588127.1/1805-1892	32	32	34	u	A	substitution
AAQQ01588127.1/1805-1892	33	33	35	a	G	substitution
AAQQ01588127.1/1805-1892	35	35	37	u	A	substitution
AAQQ01588127.1/1805-1892	37	37	39	u	A	substitution
AAQQ01588127.1/1805-1892	38	38	40	a	C	substitution
AAQQ01588127.1/1805-1892	39	39	41	a	U	substitution
AAQQ01588127.1/1805-1892	41	41	43	u	G	substitution
AAQQ01588127.1/1805-1892	42	42	44	u	C	substitution
AAQQ01588127.1/1805-1892	43	43	45	u	A	substitution
AAQQ01588127.1/1805-1892	46	46	48	u	C	substitution
AAQQ01588127.1/1805-1892	47	47	49	u	A	substitution
AAQQ01588127.1/1805-1892	48	48	50	c	U	substitution
AAQQ01588127.1/1805-1892	49	49	51	u	C	substitution
AAQQ01588127.1/1805-1892	50	50	52	c	U	substitution
AAQQ01588127.1/1805-1892	51..61	50	53..63	uuuauuuuuuu	-	deletion
AAQQ01588127.1/1805-1892	62	51	109	u	C	substitution
AAQQ01588127.1/1805-1892	65	54	112	g	U	substitution
AAQQ01588127.1/1805-1892	87	76	151	g	C	substitution
AAQQ01588127.1/1805-1892	88	77	152	U	A	substitution
AAQQ01588127.1/1805-1892	91	80	155	g	A	substitution
AAQQ01588127.1/1805-1892	93	82	157	C	U	substitution
AF045143.1/1-98	1	0	1	G	-	deletion
AF045143.1/1-98	5	4	5	c	U	substitution
AF045143.1/1-98	32	31	34	u	A	substitution
AF045143.1/1-98	33	32	35	a	G	substitution
AF045143.1/1-98	34	33	36	a	U	substitution
AF045143.1/1-98	36	35	38	a	C	substitution
AF045143.1/1-98	38	37	40	a	U	substitution
AF045143.1/1-98	39	38	41	a	U	substitution
AF045143.1/1-98	40	39	42	u	A	substitution
AF045143.1/1-98	41	40	43	u	A	substitution
AF045143.1/1-98	44	43	46	a	G	substitution
AF045143.1/1-98	45	44	47	u	A	substitution
AF045143.1/1-98	46	45	48	u	A	substitution
AF045143.1/1-98	47	46	49	u	A	substitution
AF045143.1/1-98	49	48	51	u	A	substitution
AF045143.1/1-98	50	49	52	c	A	substitution
AF045143.1/1-98	51	50	53	u	G	substitution
AF045143.1/1-98	52	51	54	u	C	substitution
AF045143.1/1-98	53	52	55	u	A	substitution
AF045143.1/1-98	55	54	57	u	C	substitution
AF045143.1/1-98	56	55	58	u	C	substitution
AF045143.1/1-98	58	57	60	u	G	substitution
AF045143.1/1-98	60	59	62	u	C	substitution
AF045143.1/1-98	62	61	109	u	G	substitution
AF045143.1/1-98	65	64	112	g	U	substitution
AF045143.1/1-98	66	65	113	G	U	substitution
AF045143.1/1-98	87	86	151	g	C	substitution
AF045143.1/1-98	91	90	155	g	A	substitution
AF045143.1/1-98	93	92	157	C	U	substitution
AADA01319887.1/7078-7176	5	5	5	c	U	substitution
AADA01319887.1/7078-7176	32	32	34	u	A	substitution
AADA01319887.1/7078-7176	34	34	36	a	U	substitution
AADA01319887.1/7078-7176	36	36	38	a	C	substitution
AADA01319887.1/7078-7176	38	38	40	a	U	substitution
AADA01319887.1/7078-7176	39	39	41	a	U	substitution
AADA01319887.1/7078-7176	40	40	42	u	A	substitution
AADA01319887.1/7078-7176	41	41	43	u	A	substitution
AADA01319887.1/7078-7176	44	44	46	a	G	substitution
AADA01319887.1/7078-7176	45	45	47	u	A	substitution
AADA01319887.1/7078-7176	46	46	48	u	A	substitution
AADA01319887.1/7078-7176	47	47	49	u	A	substitution
AADA01319887.1/7078-7176	49	49	51	u	A	substitution
AADA01319887.1/7078-7176	50	50	52	c	A	substitution
AADA01319887.1/7078-7176	51	51	53	u	G	substitution
AADA01319887.1/7078-7176	52	52	54	u	C	substitution
AADA01319887.1/7078-7176	53	53	55	u	A	substitution
AADA01319887.1/7078-7176	55	55	57	u	C	substitution
AADA01319887.1/7078-7176	56	56	58	u	C	substitution
AADA01319887.1/7078-7176	58	58	60	u	G	substitution
AADA01319887.1/7078-7176	60	60	62	u	C	substitution
AADA01319887.1/7078-7176	62	62	109	u	G	substitution
AADA01319887.1/7078-7176	65	65	112	g	U	substitution
AADA01319887.1/7078-7176	66	66	113	G	U	substitution
AADA01319887.1/7078-7176	87	87	151	g	C	substitution
AADA01319887.1/7078-7176	91	91	155	g	A	substitution
AADA01319887.1/7078-7176	93	93	157	C	U	substitution
AANU01185800.1/1378-1280	5	5	5	c	U	substitution
AANU01185800.1/1378-1280	30	30	32	a	G	substitution
AANU01185800.1/1378-1280	32	32	34	u	G	substitution
AANU01185800.1/1378-1280	34	34	36	a	C	substitution
AANU01185800.1/1378-1280	35	35	37	u	A	substitution
AANU01185800.1/1378-1280	36	36	38	a	C	substitution
AANU01185800.1/1378-1280	37	37	39	u	C	substitution
AANU01185800.1/1378-1280	38	38	40	a	U	substitution
AANU01185800.1/1378-1280	39	39	41	a	C	substitution
AANU01185800.1/1378-1280	40	40	42	u	C	substitution
AANU01185800.1/1378-1280	42	42	44	u	A	substitution
AANU01185800.1/1378-1280	43	43	45	u	G	substitution
AANU01185800.1/1378-1280	44	44	46	a	G	substitution
AANU01185800.1/1378-1280	45	45	47	u	A	substitution
AANU01185800.1/1378-1280	48	48	50	c	A	substitution
AANU01185800.1/1378-1280	49	49	51	u	C	substitution
AANU01185800.1/1378-1280	50	50	52	c	A	substitution
AANU01185800.1/1378-1280	51	51	53	u	C	substitution
AANU01185800.1/1378-1280	52	52	54	u	C	substitution
AANU01185800.1/1378-1280	53	53	55	u	A	substitution
AANU01185800.1/1378-1280	55	55	57	u	C	substitution
AANU01185800.1/1378-1280	56	56	58	u	C	substitution
AANU01185800.1/1378-1280	58	58	60	u	C	substitution
AANU01185800.1/1378-1280	60	60	62	u	C	substitution
AANU01185800.1/1378-1280	62	62	109	u	G	substitution
AANU01185800.1/1378-1280	65	65	112	g	U	substitution
AANU01185800.1/1378-1280	66	66	113	G	U	substitution
AANU01185800.1/1378-1280	87	87	151	g	C	substitution
AANU01185800.1/1378-1280	91	91	155	g	A	substitution
AANU01185800.1/1378-1280	93	93	157	C	U	substitution
AAPY01617272.1/690-825	3	3	3	G	A	substitution
AAPY01617272.1/690-825	5	5	5	c	U	substitution
AAPY01617272.1/690-825	24	24	26	A	C	substitution
AAPY01617272.1/690-825	30	30	32	a	G	substitution
AAPY01617272.1/690-825	32	32	34	u	G	substitution
AAPY01617272.1/690-825	34	34	36	a	C	substitution
AAPY01617272.1/690-825	36	36	38	a	U	substitution
AAPY01617272.1/690-825	37	37	39	u	C	substitution
AAPY01617272.1/690-825	39	39	41	a	G	substitution
AAPY01617272.1/690-825	40	40	42	u	C	substitution
AAPY01617272.1/690-825	42	42	44	u	G	substitution
AAPY01617272.1/690-825	43	43	45	u	C	substitution
AAPY01617272.1/690-825	44	44	46	a	G	substitution
AAPY01617272.1/690-825	45	45	47	u	A	substitution
AAPY01617272.1/690-825	46	46	48	u	A	substitution
AAPY01617272.1/690-825	48	48	50	c	U	substitution
AAPY01617272.1/690-825	49	49	51	u	C	substitution
AAPY01617272.1/690-825	51	51	53	u	A	substitution
AAPY01617272.1/690-825	52	52	54	u	C	substitution
AAPY01617272.1/690-825	53	53	55	u	C	substitution
AAPY01617272.1/690-825	54	54	56	a	C	substitution
AAPY01617272.1/690-825	56	56	58	u	C	substitution
AAPY01617272.1/690-825	58	58	60	u	C	substitution
AAPY01617272.1/690-825	60	60	62	u	G	substitution
AAPY01617272.1/690-825	61	61	63	u	G	substitution
AAPY01617272.1/690-825	61	62..98	64..108	-	gcggauggcuggcugcaaauccaccccuccccugggc	insert-after-RF-position
AAPY01617272.1/690-825	62	99	109	u	G	substitution
AAPY01617272.1/690-825	65	102	112	g	U	substitution
AAPY01617272.1/690-825	68	105	115	U	C	substitution
AAPY01617272.1/690-825	74	111	121	A	U	substitution
AAPY01617272.1/690-825	87	124	151	g	C	substitution
AAPY01617272.1/690-825	91	128	155	g	A	substitution
AAPY01617272.1/690-825	93	130	157	C	U	substitution
AAFC03082657.1/5139-5043	5	5	5	c	U	substitution
AAFC03082657.1/5139-5043	9	9	10	U	C	substitution
AAFC03082657.1/5139-5043	10	10	11	U	G	substitution
AAFC03082657.1/5139-5043	24	24	26	A	C	substitution
AAFC03082657.1/5139-5043	34	34	36	a	C	substitution
AAFC03082657.1/5139-5043	35	35	37	u	A	substitution
AAFC03082657.1/5139-5043	36	36	38	a	C	substitution
AAFC03082657.1/5139-5043	37	37	39	u	A	substitution
AAFC03082657.1/5139-5043	38	38	40	a	G	substitution
AAFC03082657.1/5139-5043	39	39	41	a	U	substitution
AAFC03082657.1/5139-5043	40	40	42	u	G	substitution
AAFC03082657.1/5139-5043	45	45	47	u	A	substitution
AAFC03082657.1/5139-5043	46	46	48	u	A	substitution
AAFC03082657.1/5139-5043	48	48	50	c	U	substitution
AAFC03082657.1/5139-5043	49	49	51	u	A	substitution
AAFC03082657.1/5139-5043	52	52	54	u	C	substitution
AAFC03082657.1/5139-5043	54	54	56	a	C	substitution
AAFC03082657.1/5139-5043	56	56	58	u	C	substitution
AAFC03082657.1/5139-5043	58	58	60	u	G	substitution
AAFC03082657.1/5139-5043	59	59	61	u	A	substitution
AAFC03082657.1/5139-5043	60..61	59	62..63	uu	-	deletion
AAFC03082657.1/5139-5043	62	60	109	u	G	substitution
AAFC03082657.1/5139-5043	65	63	112	g	U	substitution
AAFC03082657.1/5139-5043	87	85	151	g	C	substitution
AAFC03082657.1/5139-5043	91	89	155	g	A	substitution
AAFC03082657.1/5139-5043	93	91	157	C	U	substitution
AALT01490920.1/880-979	5	5	5	c	U	substitution
AALT01490920.1/880-979	30	30	32	a	U	substitution
AALT01490920.1/880-979	32	32	34	u	A	substitution
AALT01490920.1/880-979	33	33	35	a	G	substitution
AALT01490920.1/880-979	34	34	36	a	U	substitution
AALT01490920.1/880-979	35	35	37	u	C	substitution
AALT01490920.1/880-979	36	36	38	a	U	substitution
AALT01490920.1/880-979	37	37	39	u	A	substitution
AALT01490920.1/880-979	38	38	40	a	C	substitution
AALT01490920.1/880-979	39	39	41	a	G	substitution
AALT01490920.1/880-979	40	40	42	u	G	substitution
AALT01490920.1/880-979	41	41	43	u	A	substitution
AALT01490920.1/880-979	42	42	44	u	G	substitution
AALT01490920.1/880-979	43	43	45	u	C	substitution
AALT01490920.1/880-979	44	44	46	a	U	substitution
AALT01490920.1/880-979	47	47	49	u	G	substitution
AALT01490920.1/880-979	50	50	52	c	U	substitution
AALT01490920.1/880-979	52	52	54	u	G	substitution
AALT01490920.1/880-979	55	55	57	u	A	substitution
AALT01490920.1/880-979	56	56	58	u	C	substitution
AALT01490920.1/880-979	58	58	60	u	A	substitution
AALT01490920.1/880-979	60	60	62	u	C	substitution
AALT01490920.1/880-979	61	61	63	u	C	substitution
AALT01490920.1/880-979	61	62	64	-	u	insert-after-RF-position
AALT01490920.1/880-979	64	65	111	g	A	substitution
AALT01490920.1/880-979	65	66	112	g	U	substitution
AALT01490920.1/880-979	87	88	151	g	C	substitution
AALT01490920.1/880-979	91	92	155	g	A	substitution
AALT01490920.1/880-979	93	94	157	C	U	substitution
CAAA01055262.1/2914-2772	6	6	6	G	A	substitution
CAAA01055262.1/2914-2772	32	32	34	u	A	substitution
CAAA01055262.1/2914-2772	33	33	35	a	G	substitution
CAAA01055262.1/2914-2772	34	34	36	a	U	substitution
CAAA01055262.1/2914-2772	35	35	37	u	G	substitution
CAAA01055262.1/2914-2772	36	36	38	a	G	substitution
CAAA01055262.1/2914-2772	38	38	40	a	U	substitution
CAAA01055262.1/2914-2772	39	39	41	a	C	substitution
CAAA01055262.1/2914-2772	40	40	42	u	A	substitution
CAAA01055262.1/2914-2772	41	41	43	u	G	substitution
CAAA01055262.1/2914-2772	44	44	46	a	C	substitution
CAAA01055262.1/2914-2772	45	45	47	u	A	substitution
CAAA01055262.1/2914-2772	48	48	50	c	A	substitution
CAAA01055262.1/2914-2772	49	49	51	u	C	substitution
CAAA01055262.1/2914-2772	51	51	53	u	A	substitution
CAAA01055262.1/2914-2772	52	52	54	u	G	substitution
CAAA01055262.1/2914-2772	53	53	55	u	C	substitution
CAAA01055262.1/2914-2772	54	54	56	a	U	substitution
CAAA01055262.1/2914-2772	55	55	57	u	A	substitution
CAAA01055262.1/2914-2772	58	58	60	u	C	substitution
CAAA01055262.1/2914-2772	59	59	61	u	G	substitution
CAAA01055262.1/2914-2772	61	61	63	u	A	substitution
CAAA01055262.1/2914-2772	61	62..105	64..108	-	gcagguucgaacaacacaaccaaccacuuaccuaacccgugagu	insert-after-RF-position
CAAA01055262.1/2914-2772	62	106	109	u	G	substitution
CAAA01055262.1/2914-2772	63	107	110	g	U	substitution
CAAA01055262.1/2914-2772	64	108	111	g	U	substitution
CAAA01055262.1/2914-2772	65	109	112	g	U	substitution
CAAA01055262.1/2914-2772	87	131	151	g	C	substitution
CAAA01055262.1/2914-2772	88	132	152	U	C	substitution
CAAA01055262.1/2914-2772	90	134	154	C	U	substitution
AAPY01035584.1/271-170	4	4	4	c	U	substitution
AAPY01035584.1/271-170	16	17	18	-	a	insert-after-RF-position
AAPY01035584.1/271-170	29	30	31	g	C	substitution
AAPY01035584.1/271-170	30	31	32	a	U	substitution
AAPY01035584.1/271-170	32	33	34	u	A	substitution
AAPY01035584.1/271-170	33	34	35	a	G	substitution
AAPY01035584.1/271-170	34	35	36	a	U	substitution
AAPY01035584.1/271-170	35	36	37	u	C	substitution
AAPY01035584.1/271-170	36	37	38	a	U	substitution
AAPY01035584.1/271-170	37	38	39	u	G	substitution
AAPY01035584.1/271-170	38	39	40	a	G	substitution
AAPY01035584.1/271-170	41	42	43	u	G	substitution
AAPY01035584.1/271-170	44	45	46	a	C	substitution
AAPY01035584.1/271-170	46	47	48	u	A	substitution
AAPY01035584.1/271-170	49	50	51	u	C	substitution
AAPY01035584.1/271-170	50	51	52	c	A	substitution
AAPY01035584.1/271-170	51	52	53	u	C	substitution
AAPY01035584.1/271-170	52	53	54	u	A	substitution
AAPY01035584.1/271-170	55	56	57	u	A	substitution
AAPY01035584.1/271-170	57	58	59	u	C	substitution
AAPY01035584.1/271-170	58	59	60	u	C	substitution
AAPY01035584.1/271-170	59	60	61	u	C	substitution
AAPY01035584.1/271-170	61	62	63	u	G	substitution
AAPY01035584.1/271-170	61	63..64	64..108	-	ug	insert-after-RF-position
AAPY01035584.1/271-170	62	65	109	u	C	substitution
AAPY01035584.1/271-170	63	66	110	g	U	substitution
AAPY01035584.1/271-170	83	86	147	C	U	substitution
AAPY01035584.1/271-170	87	90	151	g	U	substitution
AAPY01035584.1/271-170	90	93	154	C	U	substitution
AAPY01035584.1/271-170	92	95	156	g	A	substitution
AANU01297565.1/11257-11357	4	4	4	c	U	substitution
AANU01297565.1/11257-11357	8	8	8	C	A	substitution
AANU01297565.1/11257-11357	9	9	10	U	G	substitution
AANU01297565.1/11257-11357	16	17	18	-	a	insert-after-RF-position
AANU01297565.1/11257-11357	26	27	28	u	C	substitution
AANU01297565.1/11257-11357	29	30	31	g	C	substitution
AANU01297565.1/11257-11357	30	31	32	a	U	substitution
AANU01297565.1/11257-11357	32	33	34	u	A	substitution
AANU01297565.1/11257-11357	33	34	35	a	U	substitution
AANU01297565.1/11257-11357	34	35	36	a	G	substitution
AANU01297565.1/11257-11357	35	36	37	u	C	substitution
AANU01297565.1/11257-11357	36	37	38	a	C	substitution
AANU01297565.1/11257-11357	37	38	39	u	G	substitution
AANU01297565.1/11257-11357	38	39	40	a	C	substitution
AANU01297565.1/11257-11357	40	41	42	u	C	substitution
AANU01297565.1/11257-11357	44	45	46	a	C	substitution
AANU01297565.1/11257-11357	46	47	48	u	A	substitution
AANU01297565.1/11257-11357	47	48	49	u	A	substitution
AANU01297565.1/11257-11357	50	51	52	c	G	substitution
AANU01297565.1/11257-11357	52	53	54	u	C	substitution
AANU01297565.1/11257-11357	53	54	55	u	C	substitution
AANU01297565.1/11257-11357	56	57	58	u	C	substitution
AANU01297565.1/11257-11357	58	59	60	u	C	substitution
AANU01297565.1/11257-11357	60	61	62	u	G	substitution
AANU01297565.1/11257-11357	61	63	64	-	g	insert-after-RF-position
AANU01297565.1/11257-11357	62	64	109	u	C	substitution
AANU01297565.1/11257-11357	63	65	110	g	U	substitution
AANU01297565.1/11257-11357	83	85	147	C	U	substitution
AANU01297565.1/11257-11357	87	89	151	g	U	substitution
AANU01297565.1/11257-11357	88	90	152	U	A	substitution
AANU01297565.1/11257-11357	90	92	154	C	U	substitution
AANU01297565.1/11257-11357	92	94	156	g	A	substitution
AADA01053495.1/13035-13135	4	4	4	c	U	substitution
AADA01053495.1/13035-13135	8	8	8	C	A	substitution
AADA01053495.1/13035-13135	9	9	10	U	G	substitution
AADA01053495.1/13035-13135	16	17	18	-	a	insert-after-RF-position
AADA01053495.1/13035-13135	26	27	28	u	C	substitution
AADA01053495.1/13035-13135	29	30	31	g	C	substitution
AADA01053495.1/13035-13135	30	31	32	a	U	substitution
AADA01053495.1/13035-13135	32	33	34	u	A	substitution
AADA01053495.1/13035-13135	33	34	35	a	U	substitution
AADA01053495.1/13035-13135	34	35	36	a	G	substitution
AADA01053495.1/13035-13135	35	36	37	u	C	substitution
AADA01053495.1/13035-13135	36	37	38	a	C	substitution
AADA01053495.1/13035-13135	37	38	39	u	G	substitution
AADA01053495.1/13035-13135	38	39	40	a	G	substitution
AADA01053495.1/13035-13135	40	41	42	u	C	substitution
AADA01053495.1/13035-13135	44	45	46	a	C	substitution
AADA01053495.1/13035-13135	46	47	48	u	A	substitution
AADA01053495.1/13035-13135	50	51	52	c	G	substitution
AADA01053495.1/13035-13135	52	53	54	u	C	substitution
AADA01053495.1/13035-13135	53	54	55	u	C	substitution
AADA01053495.1/13035-13135	56	57	58	u	C	substitution
AADA01053495.1/13035-13135	58	59	60	u	C	substitution
AADA01053495.1/13035-13135	60	61	62	u	G	substitution
AADA01053495.1/13035-13135	61	63	64	-	g	insert-after-RF-position
AADA01053495.1/13035-13135	62	64	109	u	C	substitution
AADA01053495.1/13035-13135	63	65	110	g	U	substitution
AADA01053495.1/13035-13135	83	85	147	C	U	substitution
AADA01053495.1/13035-13135	87	89	151	g	U	substitution
AADA01053495.1/13035-13135	88	90	152	U	A	substitution
AADA01053495.1/13035-13135	90	92	154	C	U	substitution
AADA01053495.1/13035-13135	92	94	156	g	A	substitution
AC005219.1/49914-50014	4	4	4	c	U	substitution
AC005219.1/49914-50014	8	8	8	C	A	substitution
AC005219.1/49914-50014	9	9	10	U	G	substitution
AC005219.1/49914-50014	16	17	18	-	a	insert-after-RF-position
AC005219.1/49914-50014	26	27	28	u	C	substitution
AC005219.1/49914-50014	29	30	31	g	C	substitution
AC005219.1/49914-50014	30	31	32	a	U	substitution
AC005219.1/49914-50014	32	33	34	u	A	substitution
AC005219.1/49914-50014	33	34	35	a	U	substitution
AC005219.1/49914-50014	34	35	36	a	G	substitution
AC005219.1/49914-50014	35	36	37	u	C	substitution
AC005219.1/49914-50014	36	37	38	a	C	substitution
AC005219.1/49914-50014	37	38	39	u	G	substitution
AC005219.1/49914-50014	38	39	40	a	G	substitution
AC005219.1/49914-50014	40	41	42	u	C	substitution
AC005219.1/49914-50014	44	45	46	a	C	substitution
AC005219.1/49914-50014	46	47	48	u	A	substitution
AC005219.1/49914-50014	50	51	52	c	G	substitution
AC005219.1/49914-50014	52	53	54	u	C	substitution
AC005219.1/49914-50014	53	54	55	u	C	substitution
AC005219.1/49914-50014	56	57	58	u	C	substitution
AC005219.1/49914-50014	58	59	60	u	C	substitution
AC005219.1/49914-50014	60	61	62	u	G	substitution
AC005219.1/49914-50014	61	63	64	-	g	insert-after-RF-position
AC005219.1/49914-50014	62	64	109	u	C	substitution
AC005219.1/49914-50014	63	65	110	g	U	substitution
AC005219.1/49914-50014	83	85	147	C	U	substitution
AC005219.1/49914-50014	87	89	151	g	U	substitution
AC005219.1/49914-50014	88	90	152	U	A	substitution
AC005219.1/49914-50014	90	92	154	C	U	substitution
AC005219.1/49914-50014	92	94	156	g	A	substitution
AAFC03124581.1/19885-19976	1	0	1	G	-	deletion
AAFC03124581.1/19885-19976	4	3	4	c	U	substitution
AAFC03124581.1/19885-19976	6	5	6	G	A	substitution
AAFC03124581.1/19885-19976	8	7	8	C	A	substitution
AAFC03124581.1/19885-19976	11	10	12	U	C	substitution
AAFC03124581.1/19885-19976	15	14	16	u	G	substitution
AAFC03124581.1/19885-19976	16	16	18	-	a	insert-after-RF-position
AAFC03124581.1/19885-19976	20	20	22	G	A	substitution
AAFC03124581.1/19885-19976	27	27	29	U	C	substitution
AAFC03124581.1/19885-19976	31	31	33	c	U	substitution
AAFC03124581.1/19885-19976	32	32	34	u	C	substitution
AAFC03124581.1/19885-19976	33	33	35	a	C	substitution
AAFC03124581.1/19885-19976	36	36	38	a	U	substitution
AAFC03124581.1/19885-19976	37	37	39	u	G	substitution
AAFC03124581.1/19885-19976	38	38	40	a	G	substitution
AAFC03124581.1/19885-19976	40	40	42	u	C	substitution
AAFC03124581.1/19885-19976	43	43	45	u	C	substitution
AAFC03124581.1/19885-19976	45	45	47	u	G	substitution
AAFC03124581.1/19885-19976	46	46	48	u	A	substitution
AAFC03124581.1/19885-19976	48	48	50	c	A	substitution
AAFC03124581.1/19885-19976	49	49	51	u	C	substitution
AAFC03124581.1/19885-19976	52	52	54	u	A	substitution
AAFC03124581.1/19885-19976	55..61	54	57..63	uuuuuuu	-	deletion
AAFC03124581.1/19885-19976	63	56	110	g	U	substitution
AAFC03124581.1/19885-19976	65	58	112	g	A	substitution
AAFC03124581.1/19885-19976	70	63	117	c	U	substitution
AAFC03124581.1/19885-19976	77	70	141	C	U	substitution
AAFC03124581.1/19885-19976	79	72	143	C	A	substitution
AAFC03124581.1/19885-19976	83	76	147	C	U	substitution
AAFC03124581.1/19885-19976	87	80	151	g	U	substitution
AAFC03124581.1/19885-19976	90	83	154	C	U	substitution
AAFC03124581.1/19885-19976	92	85	156	g	A	substitution
AAFC03124581.1/19885-19976	93	86	157	C	U	substitution
AAIY01676155.1/2446-2346	4	4	4	c	U	substitution
AAIY01676155.1/2446-2346	6	6	6	G	A	substitution
AAIY01676155.1/2446-2346	22	22	24	U	C	substitution
AAIY01676155.1/2446-2346	30	30	32	a	U	substitution
AAIY01676155.1/2446-2346	32	32	34	u	A	substitution
AAIY01676155.1/2446-2346	33	33	35	a	U	substitution
AAIY01676155.1/2446-2346	34	34	36	a	U	substitution
AAIY01676155.1/2446-2346	36	36	38	a	C	substitution
AAIY01676155.1/2446-2346	37	37	39	u	A	substitution
AAIY01676155.1/2446-2346	38	38	40	a	U	substitution
AAIY01676155.1/2446-2346	39	39	41	a	U	substitution
AAIY01676155.1/2446-2346	41	41	43	u	C	substitution
AAIY01676155.1/2446-2346	42	42	44	u	A	substitution
AAIY01676155.1/2446-2346	44	44	46	a	G	substitution
AAIY01676155.1/2446-2346	45	45	47	u	A	substitution
AAIY01676155.1/2446-2346	49	49	51	u	A	substitution
AAIY01676155.1/2446-2346	50	50	52	c	G	substitution
AAIY01676155.1/2446-2346	51	51	53	u	A	substitution
AAIY01676155.1/2446-2346	53	53	55	u	C	substitution
AAIY01676155.1/2446-2346	56	56	58	u	C	substitution
AAIY01676155.1/2446-2346	58	58	60	u	A	substitution
AAIY01676155.1/2446-2346	59	59	61	u	A	substitution
AAIY01676155.1/2446-2346	60	60	62	u	C	substitution
AAIY01676155.1/2446-2346	61	61	63	u	C	substitution
AAIY01676155.1/2446-2346	61	62..63	64..108	-	uu	insert-after-RF-position
AAIY01676155.1/2446-2346	63	65	110	g	U	substitution
AAIY01676155.1/2446-2346	74	76	121	A	G	substitution
AAIY01676155.1/2446-2346	77	79	141	C	U	substitution
AAIY01676155.1/2446-2346	87	89	151	g	U	substitution
AAIY01676155.1/2446-2346	90	92	154	C	U	substitution
AAIY01676155.1/2446-2346	92	94	156	g	A	substitution
AANG01340911.1/391-293	4	4	4	c	U	substitution
AANG01340911.1/391-293	16	17	18	-	a	insert-after-RF-position
AANG01340911.1/391-293	30	31	32	a	C	substitution
AANG01340911.1/391-293	31	32	33	c	A	substitution
AANG01340911.1/391-293	33	34	35	a	G	substitution
AANG01340911.1/391-293	34	35	36	a	U	substitution
AANG01340911.1/391-293	35	36	37	u	G	substitution
AANG01340911.1/391-293	36	37	38	a	G	substitution
AANG01340911.1/391-293	38	39	40	a	U	substitution
AANG01340911.1/391-293	40	41	42	u	C	substitution
AANG01340911.1/391-293	42	43	44	u	A	substitution
AANG01340911.1/391-293	43	44	45	u	A	substitution
AANG01340911.1/391-293	45	46	47	u	C	substitution
AANG01340911.1/391-293	46	47	48	u	C	substitution
AANG01340911.1/391-293	48	49	50	c	U	substitution
AANG01340911.1/391-293	49	50	51	u	C	substitution
AANG01340911.1/391-293	51	52	53	u	A	substitution
AANG01340911.1/391-293	52	53	54	u	A	substitution
AANG01340911.1/391-293	53	54	55	u	C	substitution
AANG01340911.1/391-293	54	55	56	a	C	substitution
AANG01340911.1/391-293	55	56	57	u	C	substitution
AANG01340911.1/391-293	57	58	59	u	C	substitution
AANG01340911.1/391-293	59	60	61	u	C	substitution
AANG01340911.1/391-293	60	61	62	u	G	substitution
AANG01340911.1/391-293	61	61	63	u	-	deletion
AANG01340911.1/391-293	63	63	110	g	U	substitution
AANG01340911.1/391-293	64	64	111	g	A	substitution
AANG01340911.1/391-293	83	83	147	C	U	substitution
AANG01340911.1/391-293	87	87	151	g	U	substitution
AANG01340911.1/391-293	90	90	154	C	U	substitution
AANG01340911.1/391-293	92	92	156	g	A	substitution
AAIY01523309.1/3001-2891	4	4	4	c	U	substitution
AAIY01523309.1/3001-2891	6	6	6	G	A	substitution
AAIY01523309.1/3001-2891	30	30	32	a	U	substitution
AAIY01523309.1/3001-2891	32	32	34	u	A	substitution
AAIY01523309.1/3001-2891	34	34	36	a	G	substitution
AAIY01523309.1/3001-2891	35	35	37	u	C	substitution
AAIY01523309.1/3001-2891	36	36	38	a	U	substitution
AAIY01523309.1/3001-2891	38	38	40	a	G	substitution
AAIY01523309.1/3001-2891	40	40	42	u	A	substitution
AAIY01523309.1/3001-2891	43	43	45	u	A	substitution
AAIY01523309.1/3001-2891	46	46	48	u	C	substitution
AAIY01523309.1/3001-2891	47	47	49	u	A	substitution
AAIY01523309.1/3001-2891	48	48	50	c	U	substitution
AAIY01523309.1/3001-2891	51	51	53	u	C	substitution
AAIY01523309.1/3001-2891	52	52	54	u	A	substitution
AAIY01523309.1/3001-2891	54	54	56	a	G	substitution
AAIY01523309.1/3001-2891	55	55	57	u	A	substitution
AAIY01523309.1/3001-2891	58	58	60	u	C	substitution
AAIY01523309.1/3001-2891	59	59	61	u	A	substitution
AAIY01523309.1/3001-2891	60	60	62	u	G	substitution
AAIY01523309.1/3001-2891	61	62..73	64..108	-	ucauccaacccc	insert-after-RF-position
AAIY01523309.1/3001-2891	63	75	110	g	U	substitution
AAIY01523309.1/3001-2891	64	76	111	g	A	substitution
AAIY01523309.1/3001-2891	74	86	121	A	G	substitution
AAIY01523309.1/3001-2891	85	97	149	C	A	substitution
AAIY01523309.1/3001-2891	87	99	151	g	U	substitution
AAIY01523309.1/3001-2891	90	102	154	C	U	substitution
AAIY01523309.1/3001-2891	92	104	156	g	A	substitution
Z11765.1/2-89	1..2	0	1..2	Gg	-	deletion
Z11765.1/2-89	4	2	4	c	U	substitution
Z11765.1/2-89	6	4	6	G	A	substitution
Z11765.1/2-89	9	7	10	U	A	substitution
Z11765.1/2-89	10	8	11	U	A	substitution
Z11765.1/2-89	11	9	12	U	C	substitution
Z11765.1/2-89	29	27	31	g	U	substitution
Z11765.1/2-89	30	28	32	a	C	substitution
Z11765.1/2-89	31	29	33	c	G	substitution
Z11765.1/2-89	32	30	34	u	A	substitution
Z11765.1/2-89	33	31	35	a	C	substitution
Z11765.1/2-89	35	33	37	u	C	substitution
Z11765.1/2-89	36	34	38	a	G	substitution
Z11765.1/2-89	37	35	39	u	G	substitution
Z11765.1/2-89	42	40	44	u	G	substitution
Z11765.1/2-89	45	43	47	u	A	substitution
Z11765.1/2-89	50	48	52	c	G	substitution
Z11765.1/2-89	51	49	53	u	A	substitution
Z11765.1/2-89	52	50	54	u	A	substitution
Z11765.1/2-89	53	51	55	u	A	substitution
Z11765.1/2-89	55	53	57	u	C	substitution
Z11765.1/2-89	56	54	58	u	C	substitution
Z11765.1/2-89	59..61	56	61..63	uuu	-	deletion
Z11765.1/2-89	63	58	110	g	C	substitution
Z11765.1/2-89	73	68	120	g	A	substitution
Z11765.1/2-89	86	81	150	U	C	substitution
Z11765.1/2-89	87	82	151	g	A	substitution
Z11765.1/2-89	88	83	152	U	C	substitution
Z11765.1/2-89	90	85	154	C	U	substitution
Z11765.1/2-89	92	87	156	g	A	substitution
Z11765.1/2-89	94..99	88	158..163	ccUUUU	-	deletion
Z11770.1/2-94	1..2	0	1..2	Gg	-	deletion
Z11770.1/2-94	4	2	4	c	U	substitution
Z11770.1/2-94	6	4	6	G	A	substitution
Z11770.1/2-94	9	7	10	U	A	substitution
Z11770.1/2-94	10	8	11	U	A	substitution
Z11770.1/2-94	11	9	12	U	C	substitution
Z11770.1/2-94	29	27	31	g	U	substitution
Z11770.1/2-94	30	28	32	a	C	substitution
Z11770.1/2-94	31	29	33	c	G	substitution
Z11770.1/2-94	32	30	34	u	A	substitution
Z11770.1/2-94	37	35	39	u	C	substitution
Z11770.1/2-94	38	36	40	a	C	substitution
Z11770.1/2-94	40	38	42	u	C	substitution
Z11770.1/2-94	41	39	43	u	G	substitution
Z11770.1/2-94	42	40	44	u	G	substitution
Z11770.1/2-94	43	41	45	u	A	substitution
Z11770.1/2-94	47	45	49	u	G	substitution
Z11770.1/2-94	48	46	50	c	U	substitution
Z11770.1/2-94	49	47	51	u	A	substitution
Z11770.1/2-94	50	48	52	c	A	substitution
Z11770.1/2-94	53	51	55	u	C	substitution
Z11770.1/2-94	54	52	56	a	U	substitution
Z11770.1/2-94	55	53	57	u	G	substitution
Z11770.1/2-94	56	54	58	u	A	substitution
Z11770.1/2-94	57	55	59	u	A	substitution
Z11770.1/2-94	58	56	60	u	A	substitution
Z11770.1/2-94	59	57	61	u	A	substitution
Z11770.1/2-94	60	58	62	u	C	substitution
Z11770.1/2-94	61	59	63	u	C	substitution
Z11770.1/2-94	61	60..61	64..108	-	uu	insert-after-RF-position
Z11770.1/2-94	63	63	110	g	C	substitution
Z11770.1/2-94	73	73	120	g	A	substitution
Z11770.1/2-94	86	86	150	U	C	substitution
Z11770.1/2-94	87	87	151	g	A	substitution
Z11770.1/2-94	88	88	152	U	C	substitution
Z11770.1/2-94	90	90	154	C	U	substitution
Z11770.1/2-94	92	92	156	g	A	substitution
Z11770.1/2-94	94..99	93	158..163	ccUUUU	-	deletion
AAFR03013168.1/17587-17486	8	9	9	-	u	insert-after-RF-position
AAFR03013168.1/17587-17486	15	16	16	u	C	substitution
AAFR03013168.1/17587-17486	24	25	26	A	C	substitution
AAFR03013168.1/17587-17486	30	31	32	a	G	substitution
AAFR03013168.1/17587-17486	32	33	34	u	A	substitution
AAFR03013168.1/17587-17486	33	34	35	a	U	substitution
AAFR03013168.1/17587-17486	34	35	36	a	U	substitution
AAFR03013168.1/17587-17486	36	37	38	a	C	substitution
AAFR03013168.1/17587-17486	37	38	39	u	A	substitution
AAFR03013168.1/17587-17486	38	39	40	a	G	substitution
AAFR03013168.1/17587-17486	40	41	42	u	A	substitution
AAFR03013168.1/17587-17486	41	42	43	u	C	substitution
AAFR03013168.1/17587-17486	42	43	44	u	A	substitution
AAFR03013168.1/17587-17486	44	45	46	a	U	substitution
AAFR03013168.1/17587-17486	46	47	48	u	C	substitution
AAFR03013168.1/17587-17486	47	48	49	u	C	substitution
AAFR03013168.1/17587-17486	48	49	50	c	U	substitution
AAFR03013168.1/17587-17486	49	50	51	u	G	substitution
AAFR03013168.1/17587-17486	52	53	54	u	C	substitution
AAFR03013168.1/17587-17486	54	55	56	a	G	substitution
AAFR03013168.1/17587-17486	55	56	57	u	A	substitution
AAFR03013168.1/17587-17486	56	57	58	u	C	substitution
AAFR03013168.1/17587-17486	58	59	60	u	A	substitution
AAFR03013168.1/17587-17486	59	60	61	u	A	substitution
AAFR03013168.1/17587-17486	60	61	62	u	C	substitution
AAFR03013168.1/17587-17486	61	62	63	u	G	substitution
AAFR03013168.1/17587-17486	61	63..64	64..108	-	uu	insert-after-RF-position
AAFR03013168.1/17587-17486	62	65	109	u	A	substitution
AAFR03013168.1/17587-17486	63	66	110	g	A	substitution
AAFR03013168.1/17587-17486	66	69	113	G	C	substitution
AAFR03013168.1/17587-17486	74	77	121	A	C	substitution
AAFR03013168.1/17587-17486	87	90	151	g	U	substitution
AAFR03013168.1/17587-17486	88	91	152	U	C	substitution
AAFR03013168.1/17587-17486	90	93	154	C	U	substitution
AABS01000020.1/180914-180809	2	2	2	g	C	substitution
AABS01000020.1/180914-180809	4	4	4	c	U	substitution
AABS01000020.1/180914-180809	9	8	10	U	-	deletion
AABS01000020.1/180914-180809	15	14	16	u	C	substitution
AABS01000020.1/180914-180809	16	15	17	c	U	substitution
AABS01000020.1/180914-180809	19	18	21	c	U	substitution
AABS01000020.1/180914-180809	29	28	31	g	A	substitution
AABS01000020.1/180914-180809	30	29	32	a	C	substitution
AABS01000020.1/180914-180809	31	30	33	c	U	substitution
AABS01000020.1/180914-180809	33	32	35	a	C	substitution
AABS01000020.1/180914-180809	35	34	37	u	C	substitution
AABS01000020.1/180914-180809	37	36	39	u	A	substitution
AABS01000020.1/180914-180809	38	37	40	a	C	substitution
AABS01000020.1/180914-180809	39	38	41	a	C	substitution
AABS01000020.1/180914-180809	43	42	45	u	G	substitution
AABS01000020.1/180914-180809	44	43	46	a	U	substitution
AABS01000020.1/180914-180809	45	44	47	u	C	substitution
AABS01000020.1/180914-180809	47	46	49	u	G	substitution
AABS01000020.1/180914-180809	48	47	50	c	A	substitution
AABS01000020.1/180914-180809	49	48	51	u	C	substitution
AABS01000020.1/180914-180809	50	49	52	c	A	substitution
AABS01000020.1/180914-180809	51	50	53	u	C	substitution
AABS01000020.1/180914-180809	52	51	54	u	A	substitution
AABS01000020.1/180914-180809	53	52	55	u	A	substitution
AABS01000020.1/180914-180809	55	54	57	u	G	substitution
AABS01000020.1/180914-180809	58..61	56	60..63	uuuu	-	deletion
AABS01000020.1/180914-180809	62	57	109	u	C	substitution
AABS01000020.1/180914-180809	64	59	111	g	U	substitution
AABS01000020.1/180914-180809	68	63	115	U	C	substitution
AABS01000020.1/180914-180809	73	68	120	g	A	substitution
AABS01000020.1/180914-180809	74	69	121	A	G	substitution
AABS01000020.1/180914-180809	75	71..82	123..139	-	ccaccccuacca	insert-after-RF-position
AABS01000020.1/180914-180809	78	85	142	g	A	substitution
AABS01000020.1/180914-180809	86	93	150	U	A	substitution
AABS01000020.1/180914-180809	88	95	152	U	C	substitution
AABS01000020.1/180914-180809	93	100	157	C	U	substitution
AABS01000020.1/180914-180809	94	101	158	c	G	substitution
AABS01000020.1/180914-180809	96	103	160	U	C	substitution
AABS01000020.1/180914-180809	97	104	161	U	A	substitution
AABS01000020.1/180914-180809	98	105	162	U	C	substitution
AABS01000153.1/65061-65164	2	2	2	g	A	substitution
AABS01000153.1/65061-65164	4	4	4	c	U	substitution
AABS01000153.1/65061-65164	6	6	6	G	A	substitution
AABS01000153.1/65061-65164	9	8	10	U	-	deletion
AABS01000153.1/65061-65164	15	14	16	u	C	substitution
AABS01000153.1/65061-65164	16	15	17	c	U	substitution
AABS01000153.1/65061-65164	19	18	21	c	U	substitution
AABS01000153.1/65061-65164	29	28	31	g	A	substitution
AABS01000153.1/65061-65164	30	29	32	a	C	substitution
AABS01000153.1/65061-65164	31	30	33	c	U	substitution
AABS01000153.1/65061-65164	33	32	35	a	G	substitution
AABS01000153.1/65061-65164	35	34	37	u	A	substitution
AABS01000153.1/65061-65164	37	36	39	u	C	substitution
AABS01000153.1/65061-65164	42	41	44	u	C	substitution
AABS01000153.1/65061-65164	43	42	45	u	A	substitution
AABS01000153.1/65061-65164	44	43	46	a	U	substitution
AABS01000153.1/65061-65164	45	44	47	u	C	substitution
AABS01000153.1/65061-65164	46	45	48	u	A	substitution
AABS01000153.1/65061-65164	47	46	49	u	A	substitution
AABS01000153.1/65061-65164	48	47	50	c	U	substitution
AABS01000153.1/65061-65164	50	49	52	c	G	substitution
AABS01000153.1/65061-65164	52..61	50	54..63	uuauuuuuuu	-	deletion
AABS01000153.1/65061-65164	64	53	111	g	U	substitution
AABS01000153.1/65061-65164	73	62	120	g	A	substitution
AABS01000153.1/65061-65164	74	63	121	A	U	substitution
AABS01000153.1/65061-65164	75	65..81	123..139	-	cguccccaccccuucca	insert-after-RF-position
AABS01000153.1/65061-65164	78	84	142	g	A	substitution
AABS01000153.1/65061-65164	86	92	150	U	C	substitution
AABS01000153.1/65061-65164	90	96	154	C	U	substitution
AABS01000153.1/65061-65164	92	98	156	g	A	substitution
AABS01000153.1/65061-65164	95	101	159	c	A	substitution
AABS01000153.1/65061-65164	99	104	163	U	-	deletion
AACT01010020.1/5401-5301	1	1	1	G	A	substitution
AACT01010020.1/5401-5301	2	2	2	g	U	substitution
AACT01010020.1/5401-5301	3	3	3	G	A	substitution
AACT01010020.1/5401-5301	9	8	10	U	-	deletion
AACT01010020.1/5401-5301	15	14	16	u	C	substitution
AACT01010020.1/5401-5301	16	15	17	c	U	substitution
AACT01010020.1/5401-5301	19	18	21	c	U	substitution
AACT01010020.1/5401-5301	29	28	31	g	U	substitution
AACT01010020.1/5401-5301	31	30	33	c	A	substitution
AACT01010020.1/5401-5301	32	31	34	u	A	substitution
AACT01010020.1/5401-5301	33	32	35	a	U	substitution
AACT01010020.1/5401-5301	34	33	36	a	G	substitution
AACT01010020.1/5401-5301	35	34	37	u	A	substitution
AACT01010020.1/5401-5301	39	38	41	a	C	substitution
AACT01010020.1/5401-5301	40	39	42	u	A	substitution
AACT01010020.1/5401-5301	41	40	43	u	C	substitution
AACT01010020.1/5401-5301	43	42	45	u	C	substitution
AACT01010020.1/5401-5301	44	43	46	a	U	substitution
AACT01010020.1/5401-5301	45	44	47	u	G	substitution
AACT01010020.1/5401-5301	47	46	49	u	C	substitution
AACT01010020.1/5401-5301	49	48	51	u	A	substitution
AACT01010020.1/5401-5301	50	49	52	c	G	substitution
AACT01010020.1/5401-5301	52	51	54	u	G	substitution
AACT01010020.1/5401-5301	53	52	55	u	A	substitution
AACT01010020.1/5401-5301	54	53	56	a	U	substitution
AACT01010020.1/5401-5301	55..61	53	57..63	uuuuuuu	-	deletion
AACT01010020.1/5401-5301	63	55	110	g	C	substitution
AACT01010020.1/5401-5301	64	56	111	g	U	substitution
AACT01010020.1/5401-5301	71	63	118	G	A	substitution
AACT01010020.1/5401-5301	72	64	119	A	C	substitution
AACT01010020.1/5401-5301	73	65	120	g	C	substitution
AACT01010020.1/5401-5301	75	68..77	123..139	-	ccaccccaca	insert-after-RF-position
AACT01010020.1/5401-5301	78	80	142	g	A	substitution
AACT01010020.1/5401-5301	86	88	150	U	C	substitution
AACT01010020.1/5401-5301	93	95	157	C	U	substitution
AACT01010020.1/5401-5301	94	96	158	c	A	substitution
AACT01010020.1/5401-5301	95	97	159	c	U	substitution
AACT01010020.1/5401-5301	96	98	160	U	C	substitution
CAAE01015120.1/740254-740351	2	2	2	g	C	substitution
CAAE01015120.1/740254-740351	5	5	5	c	U	substitution
CAAE01015120.1/740254-740351	8	7	8	C	-	deletion
CAAE01015120.1/740254-740351	19	18	21	c	U	substitution
CAAE01015120.1/740254-740351	29	28	31	g	A	substitution
CAAE01015120.1/740254-740351	30	29	32	a	C	substitution
CAAE01015120.1/740254-740351	32	31	34	u	A	substitution
CAAE01015120.1/740254-740351	33	32	35	a	C	substitution
CAAE01015120.1/740254-740351	35	34	37	u	A	substitution
CAAE01015120.1/740254-740351	38	37	40	a	C	substitution
CAAE01015120.1/740254-740351	39	38	41	a	C	substitution
CAAE01015120.1/740254-740351	43	42	45	u	G	substitution
CAAE01015120.1/740254-740351	44	43	46	a	G	substitution
CAAE01015120.1/740254-740351	45	44	47	u	A	substitution
CAAE01015120.1/740254-740351	48	47	50	c	U	substitution
CAAE01015120.1/740254-740351	49	48	51	u	C	substitution
CAAE01015120.1/740254-740351	50	49	52	c	G	substitution
CAAE01015120.1/740254-740351	51	50	53	u	C	substitution
CAAE01015120.1/740254-740351	52	51	54	u	G	substitution
CAAE01015120.1/740254-740351	53	52	55	u	G	substitution
CAAE01015120.1/740254-740351	54	53	56	a	U	substitution
CAAE01015120.1/740254-740351	55	54	57	u	C	substitution
CAAE01015120.1/740254-740351	57	56	59	u	C	substitution
CAAE01015120.1/740254-740351	58	57	60	u	C	substitution
CAAE01015120.1/740254-740351	60	59	62	u	C	substitution
CAAE01015120.1/740254-740351	61	60	63	u	C	substitution
CAAE01015120.1/740254-740351	61	61..62	64..108	-	ca	insert-after-RF-position
CAAE01015120.1/740254-740351	62	63	109	u	A	substitution
CAAE01015120.1/740254-740351	63	64	110	g	C	substitution
CAAE01015120.1/740254-740351	64	65	111	g	U	substitution
CAAE01015120.1/740254-740351	68	69	115	U	A	substitution
CAAE01015120.1/740254-740351	71	72	118	G	C	substitution
CAAE01015120.1/740254-740351	73	74	120	g	A	substitution
CAAE01015120.1/740254-740351	74..75	74	121..122	AC	-	deletion
CAAE01015120.1/740254-740351	78	77	142	g	A	substitution
CAAE01015120.1/740254-740351	88	87	152	U	C	substitution
CAAE01015120.1/740254-740351	89	88	153	C	U	substitution
CAAE01015120.1/740254-740351	91	90	155	g	A	substitution
CAAE01015120.1/740254-740351	94	93	158	c	G	substitution
CAAE01015120.1/740254-740351	95	94	159	c	U	substitution
BAAF04090272.1/3579-3481	2	2	2	g	C	substitution
BAAF04090272.1/3579-3481	3	3	3	G	A	substitution
BAAF04090272.1/3579-3481	5	5	5	c	U	substitution
BAAF04090272.1/3579-3481	8	7	8	C	-	deletion
BAAF04090272.1/3579-3481	29	28	31	g	A	substitution
BAAF04090272.1/3579-3481	33	32	35	a	C	substitution
BAAF04090272.1/3579-3481	35	34	37	u	A	substitution
BAAF04090272.1/3579-3481	36	35	38	a	C	substitution
BAAF04090272.1/3579-3481	38	37	40	a	C	substitution
BAAF04090272.1/3579-3481	39	38	41	a	U	substitution
BAAF04090272.1/3579-3481	43	42	45	u	G	substitution
BAAF04090272.1/3579-3481	45	44	47	u	A	substitution
BAAF04090272.1/3579-3481	46	45	48	u	G	substitution
BAAF04090272.1/3579-3481	47	46	49	u	A	substitution
BAAF04090272.1/3579-3481	48	47	50	c	U	substitution
BAAF04090272.1/3579-3481	50	49	52	c	A	substitution
BAAF04090272.1/3579-3481	51	50	53	u	C	substitution
BAAF04090272.1/3579-3481	52	51	54	u	A	substitution
BAAF04090272.1/3579-3481	53	52	55	u	C	substitution
BAAF04090272.1/3579-3481	54	53	56	a	U	substitution
BAAF04090272.1/3579-3481	58	57	60	u	A	substitution
BAAF04090272.1/3579-3481	59	58	61	u	C	substitution
BAAF04090272.1/3579-3481	60	59	62	u	C	substitution
BAAF04090272.1/3579-3481	61	60	63	u	C	substitution
BAAF04090272.1/3579-3481	61	61..62	64..108	-	uu	insert-after-RF-position
BAAF04090272.1/3579-3481	63	64	110	g	C	substitution
BAAF04090272.1/3579-3481	64	65	111	g	U	substitution
BAAF04090272.1/3579-3481	70	71	117	c	U	substitution
BAAF04090272.1/3579-3481	73	74	120	g	A	substitution
BAAF04090272.1/3579-3481	75	75	122	C	-	deletion
BAAF04090272.1/3579-3481	78	78	142	g	A	substitution
BAAF04090272.1/3579-3481	82	82	146	G	C	substitution
BAAF04090272.1/3579-3481	89	89	153	C	U	substitution
BAAF04090272.1/3579-3481	91	91	155	g	A	substitution
BAAF04090272.1/3579-3481	93	93	157	C	U	substitution
BAAF04090272.1/3579-3481	94	94	158	c	G	substitution
BAAF04090272.1/3579-3481	96	96	160	U	A	substitution
BX663520.9/47050-47141	1	1	1	G	A	substitution
BX663520.9/47050-47141	2	2	2	g	C	substitution
BX663520.9/47050-47141	5	5	5	c	U	substitution
BX663520.9/47050-47141	8..9	7	8..10	CU	-	deletion
BX663520.9/47050-47141	19	17	21	c	U	substitution
BX663520.9/47050-47141	29	27	31	g	C	substitution
BX663520.9/47050-47141	30	28	32	a	G	substitution
BX663520.9/47050-47141	31	29	33	c	A	substitution
BX663520.9/47050-47141	32	30	34	u	A	substitution
BX663520.9/47050-47141	36	34	38	a	C	substitution
BX663520.9/47050-47141	38	36	40	a	U	substitution
BX663520.9/47050-47141	40	38	42	u	C	substitution
BX663520.9/47050-47141	42	40	44	u	G	substitution
BX663520.9/47050-47141	44	42	46	a	U	substitution
BX663520.9/47050-47141	45	43	47	u	G	substitution
BX663520.9/47050-47141	46	44	48	u	A	substitution
BX663520.9/47050-47141	48	46	50	c	U	substitution
BX663520.9/47050-47141	52	50	54	u	C	substitution
BX663520.9/47050-47141	54	52	56	a	C	substitution
BX663520.9/47050-47141	55	53	57	u	C	substitution
BX663520.9/47050-47141	56	54	58	u	C	substitution
BX663520.9/47050-47141	57	55	59	u	G	substitution
BX663520.9/47050-47141	59..61	56	61..63	uuu	-	deletion
BX663520.9/47050-47141	62	57	109	u	C	substitution
BX663520.9/47050-47141	63	58	110	g	A	substitution
BX663520.9/47050-47141	64	59	111	g	U	substitution
BX663520.9/47050-47141	68	63	115	U	A	substitution
BX663520.9/47050-47141	73	68	120	g	A	substitution
BX663520.9/47050-47141	74..75	68	121..122	AC	-	deletion
BX663520.9/47050-47141	78	71	142	g	A	substitution
BX663520.9/47050-47141	84	77	148	G	A	substitution
BX663520.9/47050-47141	86	79	150	U	C	substitution
BX663520.9/47050-47141	91	84	155	g	A	substitution
BX663520.9/47050-47141	94	87	158	c	G	substitution
BX663520.9/47050-47141	95	88	159	c	U	substitution
BX663520.9/47050-47141	99	92	163	U	C	substitution
DQ986918.1/68217-68269	2	2	2	g	C	substitution
DQ986918.1/68217-68269	8	7	8	C	-	deletion
DQ986918.1/68217-68269	19	18	21	c	U	substitution
DQ986918.1/68217-68269	21	20	23	G	C	substitution
DQ986918.1/68217-68269	23	22	25	U	A	substitution
DQ986918.1/68217-68269	24..61	22	26..63	ACuUCgacuaauauaauuuuauuucucuuuauuuuuuu	-	deletion
DQ986918.1/68217-68269	62	23	109	u	G	substitution
DQ986918.1/68217-68269	64	25	111	g	U	substitution
DQ986918.1/68217-68269	65	26	112	g	U	substitution
DQ986918.1/68217-68269	66	27	113	G	C	substitution
DQ986918.1/68217-68269	68	29	115	U	A	substitution
DQ986918.1/68217-68269	69..75	29	116..122	ucGAgAC	-	deletion
DQ986918.1/68217-68269	78	32	142	g	A	substitution
DQ986918.1/68217-68269	81	35	145	g	A	substitution
DQ986918.1/68217-68269	90	44	154	C	U	substitution
DQ986918.1/68217-68269	94	48	158	c	G	substitution
DQ986918.1/68217-68269	95	49	159	c	U	substitution
DQ986918.1/68217-68269	99	53	163	U	G	substitution
CAAE01009081.1/10241-10331	2	2	2	g	C	substitution
CAAE01009081.1/10241-10331	8	7	8	C	-	deletion
CAAE01009081.1/10241-10331	19	18	21	c	U	substitution
CAAE01009081.1/10241-10331	29	28	31	g	U	substitution
CAAE01009081.1/10241-10331	30	29	32	a	U	substitution
CAAE01009081.1/10241-10331	31	30	33	c	G	substitution
CAAE01009081.1/10241-10331	32	31	34	u	A	substitution
CAAE01009081.1/10241-10331	34	33	36	a	G	substitution
CAAE01009081.1/10241-10331	36	35	38	a	U	substitution
CAAE01009081.1/10241-10331	37	36	39	u	C	substitution
CAAE01009081.1/10241-10331	38	37	40	a	C	substitution
CAAE01009081.1/10241-10331	39	38	41	a	C	substitution
CAAE01009081.1/10241-10331	40	39	42	u	G	substitution
CAAE01009081.1/10241-10331	41	40	43	u	C	substitution
CAAE01009081.1/10241-10331	44	43	46	a	G	substitution
CAAE01009081.1/10241-10331	45	44	47	u	C	substitution
CAAE01009081.1/10241-10331	46	45	48	u	G	substitution
CAAE01009081.1/10241-10331	47	46	49	u	G	substitution
CAAE01009081.1/10241-10331	51	50	53	u	G	substitution
CAAE01009081.1/10241-10331	52	51	54	u	C	substitution
CAAE01009081.1/10241-10331	53	52	55	u	G	substitution
CAAE01009081.1/10241-10331	54	53	56	a	C	substitution
CAAE01009081.1/10241-10331	55	54	57	u	G	substitution
CAAE01009081.1/10241-10331	56	55	58	u	G	substitution
CAAE01009081.1/10241-10331	57	56	59	u	G	substitution
CAAE01009081.1/10241-10331	58	57	60	u	C	substitution
CAAE01009081.1/10241-10331	59..61	57	61..63	uuu	-	deletion
CAAE01009081.1/10241-10331	64	60	111	g	C	substitution
CAAE01009081.1/10241-10331	72..75	67	119..122	AgAC	-	deletion
CAAE01009081.1/10241-10331	78	70	142	g	A	substitution
CAAE01009081.1/10241-10331	88	80	152	U	C	substitution
CAAE01009081.1/10241-10331	94	86	158	c	G	substitution
CAAE01009081.1/10241-10331	95	87	159	c	U	substitution
CAAE01009081.1/10241-10331	99	91	163	U	G	substitution
AANH01005876.1/66236-66335	2	2	2	g	C	substitution
AANH01005876.1/66236-66335	4	4	4	c	U	substitution
AANH01005876.1/66236-66335	8	7	8	C	-	deletion
AANH01005876.1/66236-66335	19	18	21	c	U	substitution
AANH01005876.1/66236-66335	29	28	31	g	U	substitution
AANH01005876.1/66236-66335	32	31	34	u	A	substitution
AANH01005876.1/66236-66335	34	33	36	a	U	substitution
AANH01005876.1/66236-66335	35	34	37	u	C	substitution
AANH01005876.1/66236-66335	36	35	38	a	C	substitution
AANH01005876.1/66236-66335	37	36	39	u	A	substitution
AANH01005876.1/66236-66335	38	37	40	a	C	substitution
AANH01005876.1/66236-66335	39	38	41	a	G	substitution
AANH01005876.1/66236-66335	41	40	43	u	A	substitution
AANH01005876.1/66236-66335	43	42	45	u	C	substitution
AANH01005876.1/66236-66335	44	43	46	a	U	substitution
AANH01005876.1/66236-66335	47	46	49	u	C	substitution
AANH01005876.1/66236-66335	48	47	50	c	U	substitution
AANH01005876.1/66236-66335	49	48	51	u	C	substitution
AANH01005876.1/66236-66335	50	49	52	c	U	substitution
AANH01005876.1/66236-66335	51	50	53	u	G	substitution
AANH01005876.1/66236-66335	52	51	54	u	A	substitution
AANH01005876.1/66236-66335	53	52	55	u	C	substitution
AANH01005876.1/66236-66335	54	53	56	a	G	substitution
AANH01005876.1/66236-66335	55	54	57	u	G	substitution
AANH01005876.1/66236-66335	56	55	58	u	G	substitution
AANH01005876.1/66236-66335	57	56	59	u	C	substitution
AANH01005876.1/66236-66335	59	58	61	u	G	substitution
AANH01005876.1/66236-66335	60	59	62	u	C	substitution
AANH01005876.1/66236-66335	61	61..65	64..108	-	guccg	insert-after-RF-position
AANH01005876.1/66236-66335	63	67	110	g	C	substitution
AANH01005876.1/66236-66335	66	70	113	G	A	substitution
AANH01005876.1/66236-66335	68	72	115	U	A	substitution
AANH01005876.1/66236-66335	73..75	76	120..122	gAC	-	deletion
AANH01005876.1/66236-66335	78	79	142	g	A	substitution
AANH01005876.1/66236-66335	92	93	156	g	A	substitution
AANH01005876.1/66236-66335	93	94	157	C	U	substitution
AANH01005876.1/66236-66335	94	95	158	c	G	substitution
BAAF04125921.1/125-27	2	2	2	g	C	substitution
BAAF04125921.1/125-27	3	3	3	G	A	substitution
BAAF04125921.1/125-27	4	4	4	c	U	substitution
BAAF04125921.1/125-27	8	7	8	C	-	deletion
BAAF04125921.1/125-27	19	18	21	c	U	substitution
BAAF04125921.1/125-27	29	28	31	g	C	substitution
BAAF04125921.1/125-27	31	30	33	c	A	substitution
BAAF04125921.1/125-27	32	31	34	u	C	substitution
BAAF04125921.1/125-27	36	35	38	a	C	substitution
BAAF04125921.1/125-27	37	36	39	u	G	substitution
BAAF04125921.1/125-27	39	38	41	a	C	substitution
BAAF04125921.1/125-27	40	39	42	u	A	substitution
BAAF04125921.1/125-27	41	40	43	u	G	substitution
BAAF04125921.1/125-27	44	43	46	a	G	substitution
BAAF04125921.1/125-27	46	45	48	u	C	substitution
BAAF04125921.1/125-27	47	46	49	u	C	substitution
BAAF04125921.1/125-27	48	47	50	c	U	substitution
BAAF04125921.1/125-27	50	49	52	c	U	substitution
BAAF04125921.1/125-27	51	50	53	u	G	substitution
BAAF04125921.1/125-27	52	51	54	u	A	substitution
BAAF04125921.1/125-27	53	52	55	u	C	substitution
BAAF04125921.1/125-27	54	53	56	a	G	substitution
BAAF04125921.1/125-27	55	54	57	u	A	substitution
BAAF04125921.1/125-27	57	56	59	u	C	substitution
BAAF04125921.1/125-27	58	57	60	u	C	substitution
BAAF04125921.1/125-27	59	58	61	u	G	substitution
BAAF04125921.1/125-27	60	59	62	u	C	substitution
BAAF04125921.1/125-27	61	60	63	u	G	substitution
BAAF04125921.1/125-27	61	61..64	64..108	-	gguu	insert-after-RF-position
BAAF04125921.1/125-27	62	65	109	u	G	substitution
BAAF04125921.1/125-27	63	66	110	g	U	substitution
BAAF04125921.1/125-27	64	67	111	g	C	substitution
BAAF04125921.1/125-27	65	68	112	g	A	substitution
BAAF04125921.1/125-27	66	69	113	G	A	substitution
BAAF04125921.1/125-27	73..75	75	120..122	gAC	-	deletion
BAAF04125921.1/125-27	78	78	142	g	A	substitution
BAAF04125921.1/125-27	92	92	156	g	A	substitution
BAAF04125921.1/125-27	93	93	157	C	U	substitution
BAAF04125921.1/125-27	94	94	158	c	G	substitution
BAAF04125921.1/125-27	95	95	159	c	U	substitution
AANH01005876.1/65973-65874	2	2	2	g	C	substitution
AANH01005876.1/65973-65874	4	4	4	c	U	substitution
AANH01005876.1/65973-65874	8	7	8	C	-	deletion
AANH01005876.1/65973-65874	19	18	21	c	U	substitution
AANH01005876.1/65973-65874	29	28	31	g	U	substitution
AANH01005876.1/65973-65874	30	29	32	a	G	substitution
AANH01005876.1/65973-65874	31	30	33	c	G	substitution
AANH01005876.1/65973-65874	33	32	35	a	C	substitution
AANH01005876.1/65973-65874	36	35	38	a	G	substitution
AANH01005876.1/65973-65874	38	37	40	a	G	substitution
AANH01005876.1/65973-65874	39	38	41	a	U	substitution
AANH01005876.1/65973-65874	42	41	44	u	G	substitution
AANH01005876.1/65973-65874	43	42	45	u	C	substitution
AANH01005876.1/65973-65874	44	43	46	a	C	substitution
AANH01005876.1/65973-65874	47	46	49	u	C	substitution
AANH01005876.1/65973-65874	49	48	51	u	C	substitution
AANH01005876.1/65973-65874	50	49	52	c	U	substitution
AANH01005876.1/65973-65874	51	50	53	u	C	substitution
AANH01005876.1/65973-65874	52	51	54	u	G	substitution
AANH01005876.1/65973-65874	53	52	55	u	G	substitution
AANH01005876.1/65973-65874	54	53	56	a	G	substitution
AANH01005876.1/65973-65874	55	54	57	u	C	substitution
AANH01005876.1/65973-65874	57	56	59	u	C	substitution
AANH01005876.1/65973-65874	60	59	62	u	C	substitution
AANH01005876.1/65973-65874	61	61..65	64..108	-	ggggc	insert-after-RF-position
AANH01005876.1/65973-65874	62	66	109	u	C	substitution
AANH01005876.1/65973-65874	63	67	110	g	C	substitution
AANH01005876.1/65973-65874	64	68	111	g	U	substitution
AANH01005876.1/65973-65874	66	70	113	G	A	substitution
AANH01005876.1/65973-65874	73..75	76	120..122	gAC	-	deletion
AANH01005876.1/65973-65874	78	79	142	g	A	substitution
AANH01005876.1/65973-65874	92	93	156	g	A	substitution
AANH01005876.1/65973-65874	93	94	157	C	U	substitution
AANH01005876.1/65973-65874	94	95	158	c	G	substitution
AANH01005876.1/65973-65874	96	97	160	U	A	substitution
AANH01005876.1/66956-66857	2	2	2	g	C	substitution
AANH01005876.1/66956-66857	3	3	3	G	A	substitution
AANH01005876.1/66956-66857	4	4	4	c	U	substitution
AANH01005876.1/66956-66857	8	7	8	C	-	deletion
AANH01005876.1/66956-66857	19	18	21	c	U	substitution
AANH01005876.1/66956-66857	29	28	31	g	C	substitution
AANH01005876.1/66956-66857	31	30	33	c	A	substitution
AANH01005876.1/66956-66857	32	31	34	u	A	substitution
AANH01005876.1/66956-66857	33	32	35	a	C	substitution
AANH01005876.1/66956-66857	36	35	38	a	G	substitution
AANH01005876.1/66956-66857	37	36	39	u	A	substitution
AANH01005876.1/66956-66857	38	37	40	a	G	substitution
AANH01005876.1/66956-66857	39	38	41	a	U	substitution
AANH01005876.1/66956-66857	42	41	44	u	C	substitution
AANH01005876.1/66956-66857	44	43	46	a	U	substitution
AANH01005876.1/66956-66857	46	45	48	u	C	substitution
AANH01005876.1/66956-66857	48	47	50	c	U	substitution
AANH01005876.1/66956-66857	49	48	51	u	C	substitution
AANH01005876.1/66956-66857	50	49	52	c	A	substitution
AANH01005876.1/66956-66857	51	50	53	u	C	substitution
AANH01005876.1/66956-66857	52	51	54	u	G	substitution
AANH01005876.1/66956-66857	53	52	55	u	G	substitution
AANH01005876.1/66956-66857	54	53	56	a	G	substitution
AANH01005876.1/66956-66857	55	54	57	u	C	substitution
AANH01005876.1/66956-66857	57	56	59	u	C	substitution
AANH01005876.1/66956-66857	60	59	62	u	C	substitution
AANH01005876.1/66956-66857	61	61..65	64..108	-	ggggc	insert-after-RF-position
AANH01005876.1/66956-66857	62	66	109	u	C	substitution
AANH01005876.1/66956-66857	63	67	110	g	C	substitution
AANH01005876.1/66956-66857	64	68	111	g	A	substitution
AANH01005876.1/66956-66857	65	69	112	g	U	substitution
AANH01005876.1/66956-66857	66	70	113	G	C	substitution
AANH01005876.1/66956-66857	68	72	115	U	A	substitution
AANH01005876.1/66956-66857	73..75	76	120..122	gAC	-	deletion
AANH01005876.1/66956-66857	78	79	142	g	A	substitution
AANH01005876.1/66956-66857	92	93	156	g	A	substitution
AANH01005876.1/66956-66857	93	94	157	C	U	substitution
AANH01005876.1/66956-66857	94	95	158	c	G	substitution
AAVX01043580.1/1126-1028	2	2	2	g	C	substitution
AAVX01043580.1/1126-1028	4	4	4	c	U	substitution
AAVX01043580.1/1126-1028	6	6	6	G	A	substitution
AAVX01043580.1/1126-1028	10	10	11	U	A	substitution
AAVX01043580.1/1126-1028	19	19	21	c	U	substitution
AAVX01043580.1/1126-1028	22	22	24	U	A	substitution
AAVX01043580.1/1126-1028	30	30	32	a	U	substitution
AAVX01043580.1/1126-1028	31	31	33	c	U	substitution
AAVX01043580.1/1126-1028	34	34	36	a	U	substitution
AAVX01043580.1/1126-1028	36	36	38	a	G	substitution
AAVX01043580.1/1126-1028	37	37	39	u	C	substitution
AAVX01043580.1/1126-1028	40	40	42	u	A	substitution
AAVX01043580.1/1126-1028	41	41	43	u	A	substitution
AAVX01043580.1/1126-1028	42	42	44	u	C	substitution
AAVX01043580.1/1126-1028	43	43	45	u	A	substitution
AAVX01043580.1/1126-1028	44	44	46	a	C	substitution
AAVX01043580.1/1126-1028	47	47	49	u	A	substitution
AAVX01043580.1/1126-1028	48	48	50	c	A	substitution
AAVX01043580.1/1126-1028	49	49	51	u	C	substitution
AAVX01043580.1/1126-1028	50	50	52	c	A	substitution
AAVX01043580.1/1126-1028	51	51	53	u	G	substitution
AAVX01043580.1/1126-1028	52	52	54	u	C	substitution
AAVX01043580.1/1126-1028	53	53	55	u	C	substitution
AAVX01043580.1/1126-1028	54	54	56	a	C	substitution
AAVX01043580.1/1126-1028	55	55	57	u	C	substitution
AAVX01043580.1/1126-1028	56	56	58	u	G	substitution
AAVX01043580.1/1126-1028	57	57	59	u	A	substitution
AAVX01043580.1/1126-1028	58	58	60	u	G	substitution
AAVX01043580.1/1126-1028	60	60	62	u	A	substitution
AAVX01043580.1/1126-1028	61	61	63	u	A	substitution
AAVX01043580.1/1126-1028	61	62..63	64..108	-	ca	insert-after-RF-position
AAVX01043580.1/1126-1028	63	65	110	g	C	substitution
AAVX01043580.1/1126-1028	67	69	114	G	A	substitution
AAVX01043580.1/1126-1028	68	70	115	U	C	substitution
AAVX01043580.1/1126-1028	72	74	119	A	U	substitution
AAVX01043580.1/1126-1028	74..75	75	121..122	AC	-	deletion
AAVX01043580.1/1126-1028	78	78	142	g	A	substitution
AAVX01043580.1/1126-1028	90	90	154	C	U	substitution
AAVX01043580.1/1126-1028	92	92	156	g	A	substitution
AAVX01043580.1/1126-1028	94	94	158	c	G	substitution
AAVX01043580.1/1126-1028	95	95	159	c	U	substitution
BAAF04125918.1/845-746	2	2	2	g	C	substitution
BAAF04125918.1/845-746	3	3	3	G	A	substitution
BAAF04125918.1/845-746	4	4	4	c	U	substitution
BAAF04125918.1/845-746	8	7	8	C	-	deletion
BAAF04125918.1/845-746	29	28	31	g	A	substitution
BAAF04125918.1/845-746	30	29	32	a	U	substitution
BAAF04125918.1/845-746	32	31	34	u	G	substitution
BAAF04125918.1/845-746	33	32	35	a	U	substitution
BAAF04125918.1/845-746	34	33	36	a	U	substitution
BAAF04125918.1/845-746	36	35	38	a	G	substitution
BAAF04125918.1/845-746	38	37	40	a	G	substitution
BAAF04125918.1/845-746	39	38	41	a	U	substitution
BAAF04125918.1/845-746	40	39	42	u	A	substitution
BAAF04125918.1/845-746	41	40	43	u	C	substitution
BAAF04125918.1/845-746	42	41	44	u	G	substitution
BAAF04125918.1/845-746	43	42	45	u	A	substitution
BAAF04125918.1/845-746	45	44	47	u	A	substitution
BAAF04125918.1/845-746	46	45	48	u	A	substitution
BAAF04125918.1/845-746	47	46	49	u	A	substitution
BAAF04125918.1/845-746	50	49	52	c	U	substitution
BAAF04125918.1/845-746	52	51	54	u	G	substitution
BAAF04125918.1/845-746	54	53	56	a	C	substitution
BAAF04125918.1/845-746	56	55	58	u	G	substitution
BAAF04125918.1/845-746	58	57	60	u	C	substitution
BAAF04125918.1/845-746	59	58	61	u	C	substitution
BAAF04125918.1/845-746	61	60	63	u	C	substitution
BAAF04125918.1/845-746	61	61..65	64..108	-	gcaua	insert-after-RF-position
BAAF04125918.1/845-746	62	66	109	u	G	substitution
BAAF04125918.1/845-746	63	67	110	g	A	substitution
BAAF04125918.1/845-746	64	68	111	g	C	substitution
BAAF04125918.1/845-746	73..75	76	120..122	gAC	-	deletion
BAAF04125918.1/845-746	83	84	147	C	U	substitution
BAAF04125918.1/845-746	86	87	150	U	C	substitution
BAAF04125918.1/845-746	92	93	156	g	A	substitution
BAAF04125918.1/845-746	93	94	157	C	U	substitution
BAAF04125918.1/845-746	94	95	158	c	G	substitution
BAAF04125918.1/845-746	95	96	159	c	U	substitution
AC150310.1/65487-65586	2	2	2	g	U	substitution
AC150310.1/65487-65586	4	4	4	c	U	substitution
AC150310.1/65487-65586	5	5	5	c	U	substitution
AC150310.1/65487-65586	8	9	9	-	a	insert-after-RF-position
AC150310.1/65487-65586	19	20	21	c	U	substitution
AC150310.1/65487-65586	22	23	24	U	A	substitution
AC150310.1/65487-65586	29	30	31	g	A	substitution
AC150310.1/65487-65586	30	31	32	a	G	substitution
AC150310.1/65487-65586	33	34	35	a	G	substitution
AC150310.1/65487-65586	34	35	36	a	U	substitution
AC150310.1/65487-65586	35	36	37	u	C	substitution
AC150310.1/65487-65586	37	38	39	u	C	substitution
AC150310.1/65487-65586	39	40	41	a	G	substitution
AC150310.1/65487-65586	40	41	42	u	A	substitution
AC150310.1/65487-65586	41	42	43	u	C	substitution
AC150310.1/65487-65586	43	44	45	u	C	substitution
AC150310.1/65487-65586	44	45	46	a	U	substitution
AC150310.1/65487-65586	46	47	48	u	C	substitution
AC150310.1/65487-65586	48	49	50	c	U	substitution
AC150310.1/65487-65586	49	50	51	u	G	substitution
AC150310.1/65487-65586	50	51	52	c	U	substitution
AC150310.1/65487-65586	51	52	53	u	A	substitution
AC150310.1/65487-65586	52	53	54	u	A	substitution
AC150310.1/65487-65586	55	56	57	u	C	substitution
AC150310.1/65487-65586	56	57	58	u	A	substitution
AC150310.1/65487-65586	57	58	59	u	G	substitution
AC150310.1/65487-65586	59..61	59	61..63	uuu	-	deletion
AC150310.1/65487-65586	62	60	109	u	A	substitution
AC150310.1/65487-65586	63	61	110	g	A	substitution
AC150310.1/65487-65586	64	62	111	g	C	substitution
AC150310.1/65487-65586	65	63	112	g	A	substitution
AC150310.1/65487-65586	66	64	113	G	U	substitution
AC150310.1/65487-65586	71	69	118	G	A	substitution
AC150310.1/65487-65586	73	71	120	g	A	substitution
AC150310.1/65487-65586	74	72	121	A	U	substitution
AC150310.1/65487-65586	75	74..76	123..139	-	cua	insert-after-RF-position
AC150310.1/65487-65586	78	79	142	g	A	substitution
AC150310.1/65487-65586	80	81	144	g	A	substitution
AC150310.1/65487-65586	88	89	152	U	C	substitution
AC150310.1/65487-65586	91	92	155	g	A	substitution
AC150310.1/65487-65586	92	93	156	g	A	substitution
AC150310.1/65487-65586	94	95	158	c	A	substitution
AC150310.1/65487-65586	99	100	163	U	A	substitution
BAAF04097857.1/315-413	1	1	1	G	A	substitution
BAAF04097857.1/315-413	2	2	2	g	C	substitution
BAAF04097857.1/315-413	3	3	3	G	A	substitution
BAAF04097857.1/315-413	4	4	4	c	U	substitution
BAAF04097857.1/315-413	5	5	5	c	U	substitution
BAAF04097857.1/315-413	8	7	8	C	-	deletion
BAAF04097857.1/315-413	12	11	13	A	G	substitution
BAAF04097857.1/315-413	19	18	21	c	U	substitution
BAAF04097857.1/315-413	24	23	26	A	U	substitution
BAAF04097857.1/315-413	25	24	27	C	U	substitution
BAAF04097857.1/315-413	29	28	31	g	U	substitution
BAAF04097857.1/315-413	32	31	34	u	C	substitution
BAAF04097857.1/315-413	33	32	35	a	G	substitution
BAAF04097857.1/315-413	34	33	36	a	G	substitution
BAAF04097857.1/315-413	36	35	38	a	G	substitution
BAAF04097857.1/315-413	37	36	39	u	A	substitution
BAAF04097857.1/315-413	38	37	40	a	U	substitution
BAAF04097857.1/315-413	39	38	41	a	U	substitution
BAAF04097857.1/315-413	41	40	43	u	G	substitution
BAAF04097857.1/315-413	43	42	45	u	C	substitution
BAAF04097857.1/315-413	45	44	47	u	C	substitution
BAAF04097857.1/315-413	46	45	48	u	A	substitution
BAAF04097857.1/315-413	50	49	52	c	G	substitution
BAAF04097857.1/315-413	51	50	53	u	A	substitution
BAAF04097857.1/315-413	52	51	54	u	C	substitution
BAAF04097857.1/315-413	53	52	55	u	G	substitution
BAAF04097857.1/315-413	54	53	56	a	G	substitution
BAAF04097857.1/315-413	56..61	54	58..63	uuuuuu	-	deletion
BAAF04097857.1/315-413	62	55	109	u	C	substitution
BAAF04097857.1/315-413	63	56	110	g	A	substitution
BAAF04097857.1/315-413	65	58	112	g	C	substitution
BAAF04097857.1/315-413	73	66	120	g	A	substitution
BAAF04097857.1/315-413	75	69..75	123..139	-	aguuuga	insert-after-RF-position
BAAF04097857.1/315-413	77	77	141	C	U	substitution
BAAF04097857.1/315-413	78	78	142	g	A	substitution
BAAF04097857.1/315-413	80	80	144	g	A	substitution
BAAF04097857.1/315-413	83	83	147	C	G	substitution
BAAF04097857.1/315-413	84	84	148	G	A	substitution
BAAF04097857.1/315-413	88	88	152	U	C	substitution
BAAF04097857.1/315-413	92	92	156	g	A	substitution
BAAF04097857.1/315-413	93	93	157	C	U	substitution
BAAF04097857.1/315-413	94	94	158	c	G	substitution
BAAF04097857.1/315-413	95	95	159	c	U	substitution
AANG01341798.1/2156-2244	1	0	1	G	-	deletion
AANG01341798.1/2156-2244	3	2	3	G	A	substitution
AANG01341798.1/2156-2244	4	3	4	c	U	substitution
AANG01341798.1/2156-2244	5	4	5	c	U	substitution
AANG01341798.1/2156-2244	9	8	10	U	C	substitution
AANG01341798.1/2156-2244	10	9	11	U	G	substitution
AANG01341798.1/2156-2244	16	15	17	c	G	substitution
AANG01341798.1/2156-2244	19	18	21	c	U	substitution
AANG01341798.1/2156-2244	24	23	26	A	U	substitution
AANG01341798.1/2156-2244	29	28	31	g	A	substitution
AANG01341798.1/2156-2244	31	30	33	c	G	substitution
AANG01341798.1/2156-2244	35	34	37	u	A	substitution
AANG01341798.1/2156-2244	36	35	38	a	G	substitution
AANG01341798.1/2156-2244	37	36	39	u	C	substitution
AANG01341798.1/2156-2244	39	38	41	a	U	substitution
AANG01341798.1/2156-2244	40	39	42	u	C	substitution
AANG01341798.1/2156-2244	42	41	44	u	C	substitution
AANG01341798.1/2156-2244	43	42	45	u	C	substitution
AANG01341798.1/2156-2244	44	43	46	a	U	substitution
AANG01341798.1/2156-2244	45	44	47	u	A	substitution
AANG01341798.1/2156-2244	46	45	48	u	G	substitution
AANG01341798.1/2156-2244	47	46	49	u	C	substitution
AANG01341798.1/2156-2244	48	47	50	c	U	substitution
AANG01341798.1/2156-2244	49	48	51	u	A	substitution
AANG01341798.1/2156-2244	52	51	54	u	C	substitution
AANG01341798.1/2156-2244	53..61	51	55..63	uauuuuuuu	-	deletion
AANG01341798.1/2156-2244	62	52	109	u	A	substitution
AANG01341798.1/2156-2244	63	53	110	g	A	substitution
AANG01341798.1/2156-2244	65	55	112	g	U	substitution
AANG01341798.1/2156-2244	71	61	118	G	A	substitution
AANG01341798.1/2156-2244	72	62	119	A	G	substitution
AANG01341798.1/2156-2244	77	67	141	C	U	substitution
AANG01341798.1/2156-2244	80	70	144	g	U	substitution
AANG01341798.1/2156-2244	83	73	147	C	U	substitution
AANG01341798.1/2156-2244	84	74	148	G	A	substitution
AANG01341798.1/2156-2244	87	77	151	g	U	substitution
AANG01341798.1/2156-2244	90	80	154	C	U	substitution
AANG01341798.1/2156-2244	91	81	155	g	A	substitution
AAPN01235812.1/520-620	9	9	10	U	C	substitution
AAPN01235812.1/520-620	10	10	11	U	G	substitution
AAPN01235812.1/520-620	29	29	31	g	U	substitution
AAPN01235812.1/520-620	30	30	32	a	G	substitution
AAPN01235812.1/520-620	31	31	33	c	U	substitution
AAPN01235812.1/520-620	32	32	34	u	C	substitution
AAPN01235812.1/520-620	35	35	37	u	C	substitution
AAPN01235812.1/520-620	36	36	38	a	G	substitution
AAPN01235812.1/520-620	37	37	39	u	A	substitution
AAPN01235812.1/520-620	40	40	42	u	G	substitution
AAPN01235812.1/520-620	41	41	43	u	G	substitution
AAPN01235812.1/520-620	42	42	44	u	C	substitution
AAPN01235812.1/520-620	44	44	46	a	U	substitution
AAPN01235812.1/520-620	45	45	47	u	C	substitution
AAPN01235812.1/520-620	48	48	50	c	U	substitution
AAPN01235812.1/520-620	49	49	51	u	C	substitution
AAPN01235812.1/520-620	50	50	52	c	G	substitution
AAPN01235812.1/520-620	51	51	53	u	G	substitution
AAPN01235812.1/520-620	55	55	57	u	A	substitution
AAPN01235812.1/520-620	56	56	58	u	A	substitution
AAPN01235812.1/520-620	58	58	60	u	C	substitution
AAPN01235812.1/520-620	60	60	62	u	C	substitution
AAPN01235812.1/520-620	61	62	64	-	u	insert-after-RF-position
AAPN01235812.1/520-620	62	63	109	u	C	substitution
AAPN01235812.1/520-620	65	66	112	g	A	substitution
AAPN01235812.1/520-620	74	75	121	A	C	substitution
AAPN01235812.1/520-620	75	77	139	-	c	insert-after-RF-position
AAPN01235812.1/520-620	87	89	151	g	U	substitution
AAPN01235812.1/520-620	93	95	157	C	U	substitution
AAHX01094554.1/16303-16446	6	6	6	G	A	substitution
AAHX01094554.1/16303-16446	32	32	34	u	G	substitution
AAHX01094554.1/16303-16446	33	33	35	a	U	substitution
AAHX01094554.1/16303-16446	34	34	36	a	G	substitution
AAHX01094554.1/16303-16446	35	35	37	u	C	substitution
AAHX01094554.1/16303-16446	36	36	38	a	U	substitution
AAHX01094554.1/16303-16446	37	37	39	u	C	substitution
AAHX01094554.1/16303-16446	38	38	40	a	C	substitution
AAHX01094554.1/16303-16446	40	40	42	u	G	substitution
AAHX01094554.1/16303-16446	44	44	46	a	G	substitution
AAHX01094554.1/16303-16446	45	45	47	u	A	substitution
AAHX01094554.1/16303-16446	46	46	48	u	G	substitution
AAHX01094554.1/16303-16446	47	47	49	u	C	substitution
AAHX01094554.1/16303-16446	48	48	50	c	A	substitution
AAHX01094554.1/16303-16446	49	49	51	u	G	substitution
AAHX01094554.1/16303-16446	50	50	52	c	G	substitution
AAHX01094554.1/16303-16446	51	51	53	u	C	substitution
AAHX01094554.1/16303-16446	53	53	55	u	A	substitution
AAHX01094554.1/16303-16446	54	54	56	a	U	substitution
AAHX01094554.1/16303-16446	55	55	57	u	G	substitution
AAHX01094554.1/16303-16446	57	57	59	u	A	substitution
AAHX01094554.1/16303-16446	58	58	60	u	A	substitution
AAHX01094554.1/16303-16446	59	59	61	u	C	substitution
AAHX01094554.1/16303-16446	60	60	62	u	G	substitution
AAHX01094554.1/16303-16446	61	62..106	64..108	-	ggucgguucgagcaacacaaccagccgcuugccuaucuggugagu	insert-after-RF-position
AAHX01094554.1/16303-16446	62	107	109	u	G	substitution
AAHX01094554.1/16303-16446	64	109	111	g	U	substitution
AAHX01094554.1/16303-16446	65	110	112	g	U	substitution
AAHX01094554.1/16303-16446	87	132	151	g	C	substitution
AAHX01094554.1/16303-16446	90	135	154	C	U	substitution
CU855896.20/66057-65953	2	2	2	g	C	substitution
CU855896.20/66057-65953	8	7	8	C	-	deletion
CU855896.20/66057-65953	9	8	10	U	G	substitution
CU855896.20/66057-65953	19	18	21	c	U	substitution
CU855896.20/66057-65953	29	28	31	g	U	substitution
CU855896.20/66057-65953	30	29	32	a	C	substitution
CU855896.20/66057-65953	31	30	33	c	A	substitution
CU855896.20/66057-65953	32	31	34	u	G	substitution
CU855896.20/66057-65953	33	32	35	a	C	substitution
CU855896.20/66057-65953	34	33	36	a	C	substitution
CU855896.20/66057-65953	35	34	37	u	A	substitution
CU855896.20/66057-65953	37	36	39	u	A	substitution
CU855896.20/66057-65953	39	38	41	a	G	substitution
CU855896.20/66057-65953	40	39	42	u	A	substitution
CU855896.20/66057-65953	41	40	43	u	C	substitution
CU855896.20/66057-65953	42	41	44	u	A	substitution
CU855896.20/66057-65953	43	42	45	u	A	substitution
CU855896.20/66057-65953	44	43	46	a	C	substitution
CU855896.20/66057-65953	46	45	48	u	C	substitution
CU855896.20/66057-65953	49	48	51	u	A	substitution
CU855896.20/66057-65953	50	49	52	c	U	substitution
CU855896.20/66057-65953	51	50	53	u	G	substitution
CU855896.20/66057-65953	52	51	54	u	G	substitution
CU855896.20/66057-65953	53	52	55	u	C	substitution
CU855896.20/66057-65953	54	53	56	a	C	substitution
CU855896.20/66057-65953	55	54	57	u	G	substitution
CU855896.20/66057-65953	56	55	58	u	C	substitution
CU855896.20/66057-65953	57	56	59	u	C	substitution
CU855896.20/66057-65953	58	57	60	u	G	substitution
CU855896.20/66057-65953	59	58	61	u	G	substitution
CU855896.20/66057-65953	60	59	62	u	G	substitution
CU855896.20/66057-65953	61	61..69	64..108	-	cuccggaag	insert-after-RF-position
CU855896.20/66057-65953	62	70	109	u	C	substitution
CU855896.20/66057-65953	63	71	110	g	C	substitution
CU855896.20/66057-65953	64	72	111	g	A	substitution
CU855896.20/66057-65953	66	74	113	G	A	substitution
CU855896.20/66057-65953	68	76	115	U	A	substitution
CU855896.20/66057-65953	73	81	120	g	A	substitution
CU855896.20/66057-65953	74..75	81	121..122	AC	-	deletion
CU855896.20/66057-65953	78	84	142	g	A	substitution
CU855896.20/66057-65953	84	90	148	G	A	substitution
CU855896.20/66057-65953	91	97	155	g	A	substitution
CU855896.20/66057-65953	94	100	158	c	G	substitution
CU855896.20/66057-65953	95	101	159	c	U	substitution
CU855896.20/66057-65953	99	105	163	U	A	substitution
AAKN02022956.1/147590-147489	4	4	4	c	U	substitution
AAKN02022956.1/147590-147489	16	17	18	-	a	insert-after-RF-position
AAKN02022956.1/147590-147489	29	30	31	g	C	substitution
AAKN02022956.1/147590-147489	30	31	32	a	U	substitution
AAKN02022956.1/147590-147489	32	33	34	u	A	substitution
AAKN02022956.1/147590-147489	33	34	35	a	C	substitution
AAKN02022956.1/147590-147489	34	35	36	a	G	substitution
AAKN02022956.1/147590-147489	35	36	37	u	C	substitution
AAKN02022956.1/147590-147489	36	37	38	a	U	substitution
AAKN02022956.1/147590-147489	37	38	39	u	G	substitution
AAKN02022956.1/147590-147489	38	39	40	a	G	substitution
AAKN02022956.1/147590-147489	40	41	42	u	C	substitution
AAKN02022956.1/147590-147489	43	44	45	u	A	substitution
AAKN02022956.1/147590-147489	44	45	46	a	U	substitution
AAKN02022956.1/147590-147489	45	46	47	u	C	substitution
AAKN02022956.1/147590-147489	46	47	48	u	A	substitution
AAKN02022956.1/147590-147489	50	51	52	c	G	substitution
AAKN02022956.1/147590-147489	52	53	54	u	C	substitution
AAKN02022956.1/147590-147489	55	56	57	u	C	substitution
AAKN02022956.1/147590-147489	56	57	58	u	A	substitution
AAKN02022956.1/147590-147489	58	59	60	u	C	substitution
AAKN02022956.1/147590-147489	59	60	61	u	C	substitution
AAKN02022956.1/147590-147489	61	62	63	u	G	substitution
AAKN02022956.1/147590-147489	61	63..64	64..108	-	cg	insert-after-RF-position
AAKN02022956.1/147590-147489	62	65	109	u	C	substitution
AAKN02022956.1/147590-147489	63	66	110	g	U	substitution
AAKN02022956.1/147590-147489	83	86	147	C	U	substitution
AAKN02022956.1/147590-147489	87	90	151	g	U	substitution
AAKN02022956.1/147590-147489	90	93	154	C	U	substitution
AAKN02022956.1/147590-147489	92	95	156	g	A	substitution
CU855896.20/65648-65545	2	2	2	g	C	substitution
CU855896.20/65648-65545	4	4	4	c	U	substitution
CU855896.20/65648-65545	5	5	5	c	U	substitution
CU855896.20/65648-65545	8	7	8	C	-	deletion
CU855896.20/65648-65545	19	18	21	c	U	substitution
CU855896.20/65648-65545	29	28	31	g	U	substitution
CU855896.20/65648-65545	30	29	32	a	G	substitution
CU855896.20/65648-65545	31	30	33	c	U	substitution
CU855896.20/65648-65545	32	31	34	u	G	substitution
CU855896.20/65648-65545	34	33	36	a	C	substitution
CU855896.20/65648-65545	35	34	37	u	C	substitution
CU855896.20/65648-65545	36	35	38	a	U	substitution
CU855896.20/65648-65545	38	37	40	a	C	substitution
CU855896.20/65648-65545	40	39	42	u	C	substitution
CU855896.20/65648-65545	41	40	43	u	A	substitution
CU855896.20/65648-65545	42	41	44	u	A	substitution
CU855896.20/65648-65545	43	42	45	u	A	substitution
CU855896.20/65648-65545	46	45	48	u	C	substitution
CU855896.20/65648-65545	47	46	49	u	A	substitution
CU855896.20/65648-65545	48	47	50	c	A	substitution
CU855896.20/65648-65545	49	48	51	u	C	substitution
CU855896.20/65648-65545	52	51	54	u	C	substitution
CU855896.20/65648-65545	54	53	56	a	C	substitution
CU855896.20/65648-65545	55	54	57	u	A	substitution
CU855896.20/65648-65545	57	56	59	u	G	substitution
CU855896.20/65648-65545	58	57	60	u	G	substitution
CU855896.20/65648-65545	61	60	63	u	G	substitution
CU855896.20/65648-65545	61	61..62	64..108	-	cg	insert-after-RF-position
CU855896.20/65648-65545	63	64	110	g	U	substitution
CU855896.20/65648-65545	65	66	112	g	C	substitution
CU855896.20/65648-65545	68	69	115	U	C	substitution
CU855896.20/65648-65545	69	70	116	u	C	substitution
CU855896.20/65648-65545	70	71	117	c	A	substitution
CU855896.20/65648-65545	75	76	122	C	U	substitution
CU855896.20/65648-65545	75	77..80	123..139	-	cgaa	insert-after-RF-position
CU855896.20/65648-65545	77	82	141	C	U	substitution
CU855896.20/65648-65545	78	83	142	g	A	substitution
CU855896.20/65648-65545	84	89	148	G	A	substitution
CU855896.20/65648-65545	91	96	155	g	A	substitution
CU855896.20/65648-65545	92	97	156	g	A	substitution
CU855896.20/65648-65545	94	99	158	c	G	substitution
CU855896.20/65648-65545	95	100	159	c	U	substitution
CU855896.20/65648-65545	99	104	163	U	A	substitution
CU855896.20/65265-65162	2	2	2	g	C	substitution
CU855896.20/65265-65162	4	4	4	c	U	substitution
CU855896.20/65265-65162	5	5	5	c	U	substitution
CU855896.20/65265-65162	8	7	8	C	-	deletion
CU855896.20/65265-65162	19	18	21	c	U	substitution
CU855896.20/65265-65162	29	28	31	g	U	substitution
CU855896.20/65265-65162	30	29	32	a	G	substitution
CU855896.20/65265-65162	31	30	33	c	U	substitution
CU855896.20/65265-65162	32	31	34	u	G	substitution
CU855896.20/65265-65162	34	33	36	a	U	substitution
CU855896.20/65265-65162	35	34	37	u	C	substitution
CU855896.20/65265-65162	36	35	38	a	C	substitution
CU855896.20/65265-65162	37	36	39	u	C	substitution
CU855896.20/65265-65162	38	37	40	a	U	substitution
CU855896.20/65265-65162	39	38	41	a	G	substitution
CU855896.20/65265-65162	40	39	42	u	A	substitution
CU855896.20/65265-65162	41	40	43	u	A	substitution
CU855896.20/65265-65162	42	41	44	u	A	substitution
CU855896.20/65265-65162	43	42	45	u	A	substitution
CU855896.20/65265-65162	46	45	48	u	C	substitution
CU855896.20/65265-65162	47	46	49	u	A	substitution
CU855896.20/65265-65162	48	47	50	c	A	substitution
CU855896.20/65265-65162	49	48	51	u	C	substitution
CU855896.20/65265-65162	54	53	56	a	C	substitution
CU855896.20/65265-65162	55	54	57	u	A	substitution
CU855896.20/65265-65162	57	56	59	u	G	substitution
CU855896.20/65265-65162	58	57	60	u	G	substitution
CU855896.20/65265-65162	60	59	62	u	C	substitution
CU855896.20/65265-65162	61	60	63	u	A	substitution
CU855896.20/65265-65162	61	61..62	64..108	-	cc	insert-after-RF-position
CU855896.20/65265-65162	63	64	110	g	C	substitution
CU855896.20/65265-65162	66	67	113	G	U	substitution
CU855896.20/65265-65162	68	69	115	U	C	substitution
CU855896.20/65265-65162	69	70	116	u	C	substitution
CU855896.20/65265-65162	70	71	117	c	A	substitution
CU855896.20/65265-65162	75	76	122	C	U	substitution
CU855896.20/65265-65162	75	77..80	123..139	-	cgaa	insert-after-RF-position
CU855896.20/65265-65162	78	83	142	g	A	substitution
CU855896.20/65265-65162	91	96	155	g	A	substitution
CU855896.20/65265-65162	92	97	156	g	A	substitution
CU855896.20/65265-65162	94	99	158	c	G	substitution
CU855896.20/65265-65162	95	100	159	c	U	substitution
CU855896.20/65265-65162	99	104	163	U	A	substitution
AAKN02009897.1/69401-69496	5	5	5	c	U	substitution
AAKN02009897.1/69401-69496	13	13	14	G	U	substitution
AAKN02009897.1/69401-69496	24	24	26	A	C	substitution
AAKN02009897.1/69401-69496	33	33	35	a	G	substitution
AAKN02009897.1/69401-69496	34	34	36	a	U	substitution
AAKN02009897.1/69401-69496	36	36	38	a	C	substitution
AAKN02009897.1/69401-69496	38	38	40	a	U	substitution
AAKN02009897.1/69401-69496	40	40	42	u	G	substitution
AAKN02009897.1/69401-69496	43	43	45	u	G	substitution
AAKN02009897.1/69401-69496	45	45	47	u	C	substitution
AAKN02009897.1/69401-69496	50	50	52	c	U	substitution
AAKN02009897.1/69401-69496	51	51	53	u	G	substitution
AAKN02009897.1/69401-69496	52	52	54	u	G	substitution
AAKN02009897.1/69401-69496	53	53	55	u	G	substitution
AAKN02009897.1/69401-69496	54	54	56	a	C	substitution
AAKN02009897.1/69401-69496	56	56	58	u	G	substitution
AAKN02009897.1/69401-69496	57	57	59	u	G	substitution
AAKN02009897.1/69401-69496	59..61	58	61..63	uuu	-	deletion
AAKN02009897.1/69401-69496	62	59	109	u	C	substitution
AAKN02009897.1/69401-69496	63	60	110	g	U	substitution
AAKN02009897.1/69401-69496	66	63	113	G	U	substitution
AAKN02009897.1/69401-69496	70	67	117	c	U	substitution
AAKN02009897.1/69401-69496	87	84	151	g	C	substitution
AAKN02009897.1/69401-69496	90	87	154	C	U	substitution
AAKN02009897.1/69401-69496	93	90	157	C	U	substitution
AAWR02002461.1/13655-13752	4	4	4	c	U	substitution
AAWR02002461.1/13655-13752	10	10	11	U	G	substitution
AAWR02002461.1/13655-13752	16	17	18	-	a	insert-after-RF-position
AAWR02002461.1/13655-13752	30	31	32	a	C	substitution
AAWR02002461.1/13655-13752	31	32	33	c	A	substitution
AAWR02002461.1/13655-13752	32	33	34	u	A	substitution
AAWR02002461.1/13655-13752	33	34	35	a	C	substitution
AAWR02002461.1/13655-13752	34	35	36	a	U	substitution
AAWR02002461.1/13655-13752	36	37	38	a	C	substitution
AAWR02002461.1/13655-13752	37	38	39	u	A	substitution
AAWR02002461.1/13655-13752	38	39	40	a	G	substitution
AAWR02002461.1/13655-13752	40	41	42	u	A	substitution
AAWR02002461.1/13655-13752	42	43	44	u	G	substitution
AAWR02002461.1/13655-13752	43	44	45	u	C	substitution
AAWR02002461.1/13655-13752	44	45	46	a	U	substitution
AAWR02002461.1/13655-13752	46	47	48	u	C	substitution
AAWR02002461.1/13655-13752	48	49	50	c	G	substitution
AAWR02002461.1/13655-13752	49	50	51	u	G	substitution
AAWR02002461.1/13655-13752	50	51	52	c	A	substitution
AAWR02002461.1/13655-13752	51	52	53	u	C	substitution
AAWR02002461.1/13655-13752	52	53	54	u	A	substitution
AAWR02002461.1/13655-13752	53	54	55	u	A	substitution
AAWR02002461.1/13655-13752	54	55	56	a	C	substitution
AAWR02002461.1/13655-13752	55	56	57	u	C	substitution
AAWR02002461.1/13655-13752	56	57	58	u	C	substitution
AAWR02002461.1/13655-13752	57	58	59	u	C	substitution
AAWR02002461.1/13655-13752	60..61	60	62..63	uu	-	deletion
AAWR02002461.1/13655-13752	62	61	109	u	C	substitution
AAWR02002461.1/13655-13752	63	62	110	g	C	substitution
AAWR02002461.1/13655-13752	64	63	111	g	A	substitution
AAWR02002461.1/13655-13752	86	85	150	U	C	substitution
AAWR02002461.1/13655-13752	87	86	151	g	C	substitution
AAWR02002461.1/13655-13752	90	89	154	C	U	substitution
AAWR02002461.1/13655-13752	92	91	156	g	A	substitution
AAWR02002381.1/633-543	1	1	1	G	U	substitution
AAWR02002381.1/633-543	2	2	2	g	U	substitution
AAWR02002381.1/633-543	3	3	3	G	C	substitution
AAWR02002381.1/633-543	8	8	8	C	A	substitution
AAWR02002381.1/633-543	10	10	11	U	G	substitution
AAWR02002381.1/633-543	24	24	26	A	C	substitution
AAWR02002381.1/633-543	25	25	27	C	U	substitution
AAWR02002381.1/633-543	35	35	37	u	G	substitution
AAWR02002381.1/633-543	36	36	38	a	G	substitution
AAWR02002381.1/633-543	37	37	39	u	C	substitution
AAWR02002381.1/633-543	39	39	41	a	U	substitution
AAWR02002381.1/633-543	40	40	42	u	C	substitution
AAWR02002381.1/633-543	41	41	43	u	A	substitution
AAWR02002381.1/633-543	42	42	44	u	G	substitution
AAWR02002381.1/633-543	43	43	45	u	C	substitution
AAWR02002381.1/633-543	44	44	46	a	U	substitution
AAWR02002381.1/633-543	46	46	48	u	C	substitution
AAWR02002381.1/633-543	48	48	50	c	A	substitution
AAWR02002381.1/633-543	49	49	51	u	A	substitution
AAWR02002381.1/633-543	51	51	53	u	C	substitution
AAWR02002381.1/633-543	52	52	54	u	A	substitution
AAWR02002381.1/633-543	53	53	55	u	C	substitution
AAWR02002381.1/633-543	54	54	56	a	G	substitution
AAWR02002381.1/633-543	55	55	57	u	C	substitution
AAWR02002381.1/633-543	56	56	58	u	G	substitution
AAWR02002381.1/633-543	57..61	56	59..63	uuuuu	-	deletion
AAWR02002381.1/633-543	62	57	109	u	A	substitution
AAWR02002381.1/633-543	65	60	112	g	U	substitution
AAWR02002381.1/633-543	79	74	143	C	G	substitution
AAWR02002381.1/633-543	85	80	149	C	U	substitution
AAWR02002381.1/633-543	87	82	151	g	C	substitution
AAWR02002381.1/633-543	91	86	155	g	A	substitution
AAWR02002381.1/633-543	93..95	87	157..159	Ccc	-	deletion
AAKN02009897.1/76911-77020	5	5	5	c	U	substitution
AAKN02009897.1/76911-77020	24	24	26	A	C	substitution
AAKN02009897.1/76911-77020	31	31	33	c	U	substitution
AAKN02009897.1/76911-77020	32	32	34	u	C	substitution
AAKN02009897.1/76911-77020	36	36	38	a	C	substitution
AAKN02009897.1/76911-77020	37	37	39	u	A	substitution
AAKN02009897.1/76911-77020	39	39	41	a	G	substitution
AAKN02009897.1/76911-77020	40	40	42	u	C	substitution
AAKN02009897.1/76911-77020	43	43	45	u	A	substitution
AAKN02009897.1/76911-77020	44	44	46	a	G	substitution
AAKN02009897.1/76911-77020	46	46	48	u	C	substitution
AAKN02009897.1/76911-77020	47	47	49	u	A	substitution
AAKN02009897.1/76911-77020	50	50	52	c	U	substitution
AAKN02009897.1/76911-77020	51	51	53	u	G	substitution
AAKN02009897.1/76911-77020	52	52	54	u	G	substitution
AAKN02009897.1/76911-77020	53	53	55	u	G	substitution
AAKN02009897.1/76911-77020	54	54	56	a	C	substitution
AAKN02009897.1/76911-77020	55	55	57	u	C	substitution
AAKN02009897.1/76911-77020	56	56	58	u	G	substitution
AAKN02009897.1/76911-77020	57	57	59	u	G	substitution
AAKN02009897.1/76911-77020	59	59	61	u	G	substitution
AAKN02009897.1/76911-77020	60	60	62	u	G	substitution
AAKN02009897.1/76911-77020	61	61	63	u	C	substitution
AAKN02009897.1/76911-77020	61	62..72	64..108	-	uuccaucgguc	insert-after-RF-position
AAKN02009897.1/76911-77020	62	73	109	u	C	substitution
AAKN02009897.1/76911-77020	65	76	112	g	U	substitution
AAKN02009897.1/76911-77020	87	98	151	g	C	substitution
AAKN02009897.1/76911-77020	91	102	155	g	A	substitution
AAKN02009897.1/76911-77020	93	104	157	C	U	substitution
AAQR03019327.1/46254-46153	5	5	5	c	U	substitution
AAQR03019327.1/46254-46153	24	24	26	A	C	substitution
AAQR03019327.1/46254-46153	32	32	34	u	G	substitution
AAQR03019327.1/46254-46153	33	33	35	a	G	substitution
AAQR03019327.1/46254-46153	34	34	36	a	U	substitution
AAQR03019327.1/46254-46153	35	35	37	u	G	substitution
AAQR03019327.1/46254-46153	36	36	38	a	C	substitution
AAQR03019327.1/46254-46153	37	37	39	u	A	substitution
AAQR03019327.1/46254-46153	38	38	40	a	U	substitution
AAQR03019327.1/46254-46153	39	39	41	a	U	substitution
AAQR03019327.1/46254-46153	40	40	42	u	G	substitution
AAQR03019327.1/46254-46153	41	41	43	u	C	substitution
AAQR03019327.1/46254-46153	44	44	46	a	U	substitution
AAQR03019327.1/46254-46153	45	45	47	u	C	substitution
AAQR03019327.1/46254-46153	46	46	48	u	G	substitution
AAQR03019327.1/46254-46153	47	47	49	u	A	substitution
AAQR03019327.1/46254-46153	48	48	50	c	U	substitution
AAQR03019327.1/46254-46153	49	49	51	u	C	substitution
AAQR03019327.1/46254-46153	52	52	54	u	C	substitution
AAQR03019327.1/46254-46153	54	54	56	a	G	substitution
AAQR03019327.1/46254-46153	55	55	57	u	C	substitution
AAQR03019327.1/46254-46153	56	56	58	u	A	substitution
AAQR03019327.1/46254-46153	58	58	60	u	C	substitution
AAQR03019327.1/46254-46153	60	60	62	u	G	substitution
AAQR03019327.1/46254-46153	61	61	63	u	G	substitution
AAQR03019327.1/46254-46153	61	62..64	64..108	-	cag	insert-after-RF-position
AAQR03019327.1/46254-46153	62	65	109	u	A	substitution
AAQR03019327.1/46254-46153	64	67	111	g	C	substitution
AAQR03019327.1/46254-46153	65	68	112	g	C	substitution
AAQR03019327.1/46254-46153	87	90	151	g	C	substitution
AAQR03019327.1/46254-46153	91	94	155	g	A	substitution
AAWZ02017265.1/11968-11880	6	6	6	G	A	substitution
AAWZ02017265.1/11968-11880	9	8	10	U	-	deletion
AAWZ02017265.1/11968-11880	15	14	16	u	C	substitution
AAWZ02017265.1/11968-11880	16	15	17	c	U	substitution
AAWZ02017265.1/11968-11880	24	23	26	A	C	substitution
AAWZ02017265.1/11968-11880	30	29	32	a	C	substitution
AAWZ02017265.1/11968-11880	31	30	33	c	A	substitution
AAWZ02017265.1/11968-11880	32	31	34	u	G	substitution
AAWZ02017265.1/11968-11880	33	32	35	a	U	substitution
AAWZ02017265.1/11968-11880	34	33	36	a	U	substitution
AAWZ02017265.1/11968-11880	36	35	38	a	G	substitution
AAWZ02017265.1/11968-11880	37	36	39	u	A	substitution
AAWZ02017265.1/11968-11880	38	37	40	a	G	substitution
AAWZ02017265.1/11968-11880	39	38	41	a	C	substitution
AAWZ02017265.1/11968-11880	40	39	42	u	A	substitution
AAWZ02017265.1/11968-11880	41	40	43	u	A	substitution
AAWZ02017265.1/11968-11880	42	41	44	u	G	substitution
AAWZ02017265.1/11968-11880	45	44	47	u	A	substitution
AAWZ02017265.1/11968-11880	46	45	48	u	C	substitution
AAWZ02017265.1/11968-11880	48	47	50	c	A	substitution
AAWZ02017265.1/11968-11880	49	48	51	u	C	substitution
AAWZ02017265.1/11968-11880	51	50	53	u	A	substitution
AAWZ02017265.1/11968-11880	52	51	54	u	C	substitution
AAWZ02017265.1/11968-11880	53..61	51	55..63	uauuuuuuu	-	deletion
AAWZ02017265.1/11968-11880	62	52	109	u	A	substitution
AAWZ02017265.1/11968-11880	63	53	110	g	C	substitution
AAWZ02017265.1/11968-11880	64	54	111	g	C	substitution
AAWZ02017265.1/11968-11880	65	55	112	g	U	substitution
AAWZ02017265.1/11968-11880	71	61	118	G	A	substitution
AAWZ02017265.1/11968-11880	74	64	121	A	U	substitution
AAWZ02017265.1/11968-11880	88	78	152	U	C	substitution
AAWZ02017265.1/11968-11880	90	80	154	C	U	substitution
AAWZ02017265.1/11968-11880	95	85	159	c	U	substitution
AAWZ02017265.1/11968-11880	99	89	163	U	G	substitution
CAAB02006781.1/1623-1725	2	2	2	g	C	substitution
CAAB02006781.1/1623-1725	3	3	3	G	A	substitution
CAAB02006781.1/1623-1725	5	5	5	c	U	substitution
CAAB02006781.1/1623-1725	9	8	10	U	-	deletion
CAAB02006781.1/1623-1725	12	11	13	A	G	substitution
CAAB02006781.1/1623-1725	29	28	31	g	A	substitution
CAAB02006781.1/1623-1725	30	29	32	a	C	substitution
CAAB02006781.1/1623-1725	33	32	35	a	C	substitution
CAAB02006781.1/1623-1725	35	34	37	u	A	substitution
CAAB02006781.1/1623-1725	38	37	40	a	C	substitution
CAAB02006781.1/1623-1725	40	39	42	u	A	substitution
CAAB02006781.1/1623-1725	41	40	43	u	A	substitution
CAAB02006781.1/1623-1725	43	42	45	u	C	substitution
CAAB02006781.1/1623-1725	44	43	46	a	U	substitution
CAAB02006781.1/1623-1725	45	44	47	u	G	substitution
CAAB02006781.1/1623-1725	48	47	50	c	U	substitution
CAAB02006781.1/1623-1725	49	48	51	u	G	substitution
CAAB02006781.1/1623-1725	50	49	52	c	A	substitution
CAAB02006781.1/1623-1725	53	52	55	u	A	substitution
CAAB02006781.1/1623-1725	54	53	56	a	C	substitution
CAAB02006781.1/1623-1725	55	54	57	u	G	substitution
CAAB02006781.1/1623-1725	57	56	59	u	G	substitution
CAAB02006781.1/1623-1725	58	57	60	u	G	substitution
CAAB02006781.1/1623-1725	60	59	62	u	C	substitution
CAAB02006781.1/1623-1725	61	61..67	64..108	-	ccuccca	insert-after-RF-position
CAAB02006781.1/1623-1725	62	68	109	u	A	substitution
CAAB02006781.1/1623-1725	63	69	110	g	C	substitution
CAAB02006781.1/1623-1725	64	70	111	g	C	substitution
CAAB02006781.1/1623-1725	68	74	115	U	A	substitution
CAAB02006781.1/1623-1725	73	79	120	g	A	substitution
CAAB02006781.1/1623-1725	74..75	79	121..122	AC	-	deletion
CAAB02006781.1/1623-1725	86	90	150	U	C	substitution
CAAB02006781.1/1623-1725	91	95	155	g	A	substitution
CAAB02006781.1/1623-1725	93	97	157	C	U	substitution
CAAB02006781.1/1623-1725	94	98	158	c	G	substitution
CAAB02006781.1/1623-1725	95	99	159	c	U	substitution
CAAB02006781.1/1623-1725	99	103	163	U	C	substitution
AAEX03007799.1/48369-48272	4	4	4	c	U	substitution
AAEX03007799.1/48369-48272	6	6	6	G	A	substitution
AAEX03007799.1/48369-48272	16	17	18	-	g	insert-after-RF-position
AAEX03007799.1/48369-48272	30	31	32	a	C	substitution
AAEX03007799.1/48369-48272	31	32	33	c	G	substitution
AAEX03007799.1/48369-48272	32	33	34	u	A	substitution
AAEX03007799.1/48369-48272	33	34	35	a	C	substitution
AAEX03007799.1/48369-48272	34	35	36	a	U	substitution
AAEX03007799.1/48369-48272	36	37	38	a	G	substitution
AAEX03007799.1/48369-48272	38	39	40	a	C	substitution
AAEX03007799.1/48369-48272	39	40	41	a	U	substitution
AAEX03007799.1/48369-48272	41	42	43	u	C	substitution
AAEX03007799.1/48369-48272	42	43	44	u	G	substitution
AAEX03007799.1/48369-48272	43	44	45	u	G	substitution
AAEX03007799.1/48369-48272	45	46	47	u	C	substitution
AAEX03007799.1/48369-48272	47	48	49	u	A	substitution
AAEX03007799.1/48369-48272	48	49	50	c	A	substitution
AAEX03007799.1/48369-48272	49	50	51	u	C	substitution
AAEX03007799.1/48369-48272	50	51	52	c	A	substitution
AAEX03007799.1/48369-48272	51	52	53	u	A	substitution
AAEX03007799.1/48369-48272	52	53	54	u	C	substitution
AAEX03007799.1/48369-48272	53	54	55	u	C	substitution
AAEX03007799.1/48369-48272	54	55	56	a	C	substitution
AAEX03007799.1/48369-48272	55	56	57	u	C	substitution
AAEX03007799.1/48369-48272	56	57	58	u	C	substitution
AAEX03007799.1/48369-48272	59	60	61	u	G	substitution
AAEX03007799.1/48369-48272	60..61	60	62..63	uu	-	deletion
AAEX03007799.1/48369-48272	62	61	109	u	C	substitution
AAEX03007799.1/48369-48272	87	86	151	g	C	substitution
AAEX03007799.1/48369-48272	88	87	152	U	C	substitution
AAEX03007799.1/48369-48272	90	89	154	C	U	substitution
AAEX03007799.1/48369-48272	92	91	156	g	A	substitution
AAPE02012895.1/9444-9339	5	5	5	c	U	substitution
AAPE02012895.1/9444-9339	24	24	26	A	C	substitution
AAPE02012895.1/9444-9339	30	30	32	a	C	substitution
AAPE02012895.1/9444-9339	31	31	33	c	A	substitution
AAPE02012895.1/9444-9339	34	34	36	a	C	substitution
AAPE02012895.1/9444-9339	35	35	37	u	A	substitution
AAPE02012895.1/9444-9339	36	36	38	a	G	substitution
AAPE02012895.1/9444-9339	37	37	39	u	A	substitution
AAPE02012895.1/9444-9339	39	39	41	a	C	substitution
AAPE02012895.1/9444-9339	42	42	44	u	C	substitution
AAPE02012895.1/9444-9339	43	43	45	u	C	substitution
AAPE02012895.1/9444-9339	44	44	46	a	U	substitution
AAPE02012895.1/9444-9339	45	45	47	u	A	substitution
AAPE02012895.1/9444-9339	46	46	48	u	C	substitution
AAPE02012895.1/9444-9339	49	49	51	u	G	substitution
AAPE02012895.1/9444-9339	51	51	53	u	A	substitution
AAPE02012895.1/9444-9339	52	52	54	u	G	substitution
AAPE02012895.1/9444-9339	54	54	56	a	U	substitution
AAPE02012895.1/9444-9339	55	55	57	u	G	substitution
AAPE02012895.1/9444-9339	56	56	58	u	C	substitution
AAPE02012895.1/9444-9339	58	58	60	u	C	substitution
AAPE02012895.1/9444-9339	59	59	61	u	A	substitution
AAPE02012895.1/9444-9339	60	60	62	u	C	substitution
AAPE02012895.1/9444-9339	61	62..68	64..108	-	ugagcga	insert-after-RF-position
AAPE02012895.1/9444-9339	62	69	109	u	C	substitution
AAPE02012895.1/9444-9339	63	70	110	g	A	substitution
AAPE02012895.1/9444-9339	65	72	112	g	C	substitution
AAPE02012895.1/9444-9339	87	94	151	g	C	substitution
AAPE02012895.1/9444-9339	91	98	155	g	A	substitution
AAWZ02017265.1/33588-33681	6	6	6	G	A	substitution
AAWZ02017265.1/33588-33681	9	8	10	U	-	deletion
AAWZ02017265.1/33588-33681	15	14	16	u	C	substitution
AAWZ02017265.1/33588-33681	16	15	17	c	U	substitution
AAWZ02017265.1/33588-33681	24	23	26	A	C	substitution
AAWZ02017265.1/33588-33681	30	29	32	a	C	substitution
AAWZ02017265.1/33588-33681	31	30	33	c	U	substitution
AAWZ02017265.1/33588-33681	33	32	35	a	U	substitution
AAWZ02017265.1/33588-33681	34	33	36	a	C	substitution
AAWZ02017265.1/33588-33681	36	35	38	a	C	substitution
AAWZ02017265.1/33588-33681	38	37	40	a	G	substitution
AAWZ02017265.1/33588-33681	39	38	41	a	C	substitution
AAWZ02017265.1/33588-33681	40	39	42	u	A	substitution
AAWZ02017265.1/33588-33681	41	40	43	u	A	substitution
AAWZ02017265.1/33588-33681	42	41	44	u	G	substitution
AAWZ02017265.1/33588-33681	43	42	45	u	A	substitution
AAWZ02017265.1/33588-33681	45	44	47	u	A	substitution
AAWZ02017265.1/33588-33681	46	45	48	u	C	substitution
AAWZ02017265.1/33588-33681	47	46	49	u	C	substitution
AAWZ02017265.1/33588-33681	48	47	50	c	A	substitution
AAWZ02017265.1/33588-33681	49	48	51	u	C	substitution
AAWZ02017265.1/33588-33681	50	49	52	c	U	substitution
AAWZ02017265.1/33588-33681	52	51	54	u	C	substitution
AAWZ02017265.1/33588-33681	53	52	55	u	G	substitution
AAWZ02017265.1/33588-33681	56	55	58	u	G	substitution
AAWZ02017265.1/33588-33681	58..61	56	60..63	uuuu	-	deletion
AAWZ02017265.1/33588-33681	63	58	110	g	C	substitution
AAWZ02017265.1/33588-33681	65	60	112	g	A	substitution
AAWZ02017265.1/33588-33681	66	61	113	G	U	substitution
AAWZ02017265.1/33588-33681	71	66	118	G	A	substitution
AAWZ02017265.1/33588-33681	72	67	119	A	G	substitution
AAWZ02017265.1/33588-33681	74	69	121	A	U	substitution
AAWZ02017265.1/33588-33681	88	83	152	U	C	substitution
AAWZ02017265.1/33588-33681	90	85	154	C	U	substitution
AAWZ02017265.1/33588-33681	93	88	157	C	U	substitution
AAWZ02017265.1/33588-33681	95	90	159	c	U	substitution
AAWZ02017265.1/33588-33681	99	94	163	U	G	substitution
AADN03006686.1/3019-2926	15	15	16	u	C	substitution
AADN03006686.1/3019-2926	24	24	26	A	C	substitution
AADN03006686.1/3019-2926	30	30	32	a	G	substitution
AADN03006686.1/3019-2926	32	32	34	u	A	substitution
AADN03006686.1/3019-2926	35	35	37	u	C	substitution
AADN03006686.1/3019-2926	37	37	39	u	G	substitution
AADN03006686.1/3019-2926	38	38	40	a	U	substitution
AADN03006686.1/3019-2926	39	39	41	a	U	substitution
AADN03006686.1/3019-2926	41	41	43	u	C	substitution
AADN03006686.1/3019-2926	43	43	45	u	G	substitution
AADN03006686.1/3019-2926	45	45	47	u	G	substitution
AADN03006686.1/3019-2926	48	48	50	c	G	substitution
AADN03006686.1/3019-2926	49	49	51	u	C	substitution
AADN03006686.1/3019-2926	50	50	52	c	G	substitution
AADN03006686.1/3019-2926	51	51	53	u	G	substitution
AADN03006686.1/3019-2926	52	52	54	u	G	substitution
AADN03006686.1/3019-2926	53	53	55	u	C	substitution
AADN03006686.1/3019-2926	54	54	56	a	C	substitution
AADN03006686.1/3019-2926	55	55	57	u	C	substitution
AADN03006686.1/3019-2926	56	56	58	u	C	substitution
AADN03006686.1/3019-2926	57	57	59	u	G	substitution
AADN03006686.1/3019-2926	58	58	60	u	A	substitution
AADN03006686.1/3019-2926	59..61	58	61..63	uuu	-	deletion
AADN03006686.1/3019-2926	62	59	109	u	C	substitution
AADN03006686.1/3019-2926	63	60	110	g	U	substitution
AADN03006686.1/3019-2926	73	70	120	g	U	substitution
AADN03006686.1/3019-2926	74	70	121	A	-	deletion
AADN03006686.1/3019-2926	84	80	148	G	A	substitution
AADN03006686.1/3019-2926	86	81	150	U	-	deletion
AADN03006686.1/3019-2926	87	82	151	g	C	substitution
AADN03006686.1/3019-2926	88	83	152	U	C	substitution
AADN03006686.1/3019-2926	90	85	154	C	U	substitution
AADN03006686.1/3019-2926	96	91	160	U	A	substitution
AAGW02013702.1/28641-28535	5	5	5	c	U	substitution
AAGW02013702.1/28641-28535	10	10	11	U	A	substitution
AAGW02013702.1/28641-28535	24	24	26	A	C	substitution
AAGW02013702.1/28641-28535	31	31	33	c	A	substitution
AAGW02013702.1/28641-28535	32	32	34	u	C	substitution
AAGW02013702.1/28641-28535	33	33	35	a	U	substitution
AAGW02013702.1/28641-28535	35	35	37	u	C	substitution
AAGW02013702.1/28641-28535	36	36	38	a	C	substitution
AAGW02013702.1/28641-28535	37	37	39	u	A	substitution
AAGW02013702.1/28641-28535	38	38	40	a	G	substitution
AAGW02013702.1/28641-28535	39	39	41	a	C	substitution
AAGW02013702.1/28641-28535	41	41	43	u	A	substitution
AAGW02013702.1/28641-28535	42	42	44	u	C	substitution
AAGW02013702.1/28641-28535	43	43	45	u	A	substitution
AAGW02013702.1/28641-28535	44	44	46	a	U	substitution
AAGW02013702.1/28641-28535	47	47	49	u	A	substitution
AAGW02013702.1/28641-28535	48	48	50	c	A	substitution
AAGW02013702.1/28641-28535	49	49	51	u	G	substitution
AAGW02013702.1/28641-28535	52	52	54	u	A	substitution
AAGW02013702.1/28641-28535	53	53	55	u	C	substitution
AAGW02013702.1/28641-28535	54	54	56	a	U	substitution
AAGW02013702.1/28641-28535	55	55	57	u	A	substitution
AAGW02013702.1/28641-28535	56	56	58	u	A	substitution
AAGW02013702.1/28641-28535	57	57	59	u	G	substitution
AAGW02013702.1/28641-28535	59	59	61	u	C	substitution
AAGW02013702.1/28641-28535	60	60	62	u	A	substitution
AAGW02013702.1/28641-28535	61	61	63	u	G	substitution
AAGW02013702.1/28641-28535	61	62..69	64..108	-	cacgucag	insert-after-RF-position
AAGW02013702.1/28641-28535	64	72	111	g	U	substitution
AAGW02013702.1/28641-28535	65	73	112	g	U	substitution
AAGW02013702.1/28641-28535	74	82	121	A	U	substitution
AAGW02013702.1/28641-28535	87	95	151	g	C	substitution
AAGW02013702.1/28641-28535	88	96	152	U	C	substitution
AAGW02013702.1/28641-28535	91	99	155	g	A	substitution
AAGW02013702.1/28641-28535	95	103	159	c	U	substitution
AAPE02012974.1/61822-61921	4	4	4	c	U	substitution
AAPE02012974.1/61822-61921	6	6	6	G	A	substitution
AAPE02012974.1/61822-61921	16	17	18	-	a	insert-after-RF-position
AAPE02012974.1/61822-61921	30	31	32	a	G	substitution
AAPE02012974.1/61822-61921	31	32	33	c	U	substitution
AAPE02012974.1/61822-61921	33	34	35	a	U	substitution
AAPE02012974.1/61822-61921	34	35	36	a	C	substitution
AAPE02012974.1/61822-61921	36	37	38	a	G	substitution
AAPE02012974.1/61822-61921	37	38	39	u	C	substitution
AAPE02012974.1/61822-61921	38	39	40	a	U	substitution
AAPE02012974.1/61822-61921	39	40	41	a	C	substitution
AAPE02012974.1/61822-61921	40	41	42	u	G	substitution
AAPE02012974.1/61822-61921	43	44	45	u	G	substitution
AAPE02012974.1/61822-61921	44	45	46	a	C	substitution
AAPE02012974.1/61822-61921	45	46	47	u	G	substitution
AAPE02012974.1/61822-61921	46	47	48	u	G	substitution
AAPE02012974.1/61822-61921	47	48	49	u	A	substitution
AAPE02012974.1/61822-61921	49	50	51	u	A	substitution
AAPE02012974.1/61822-61921	51	52	53	u	A	substitution
AAPE02012974.1/61822-61921	53	54	55	u	A	substitution
AAPE02012974.1/61822-61921	55	56	57	u	C	substitution
AAPE02012974.1/61822-61921	56	57	58	u	C	substitution
AAPE02012974.1/61822-61921	57	58	59	u	C	substitution
AAPE02012974.1/61822-61921	59	60	61	u	A	substitution
AAPE02012974.1/61822-61921	60	61	62	u	C	substitution
AAPE02012974.1/61822-61921	61	62	63	u	C	substitution
AAPE02012974.1/61822-61921	63	64	110	g	U	substitution
AAPE02012974.1/61822-61921	64	65	111	g	A	substitution
AAPE02012974.1/61822-61921	87	88	151	g	C	substitution
AAPE02012974.1/61822-61921	90	91	154	C	U	substitution
AAPE02012974.1/61822-61921	92	93	156	g	A	substitution
CAAB02016770.1/2532-2438	2	2	2	g	C	substitution
CAAB02016770.1/2532-2438	4	4	4	c	G	substitution
CAAB02016770.1/2532-2438	5	5	5	c	A	substitution
CAAB02016770.1/2532-2438	8	7	8	C	-	deletion
CAAB02016770.1/2532-2438	19	18	21	c	G	substitution
CAAB02016770.1/2532-2438	29	28	31	g	A	substitution
CAAB02016770.1/2532-2438	30	29	32	a	C	substitution
CAAB02016770.1/2532-2438	31	30	33	c	A	substitution
CAAB02016770.1/2532-2438	32	31	34	u	G	substitution
CAAB02016770.1/2532-2438	33	32	35	a	C	substitution
CAAB02016770.1/2532-2438	34	33	36	a	U	substitution
CAAB02016770.1/2532-2438	36	35	38	a	G	substitution
CAAB02016770.1/2532-2438	38	37	40	a	U	substitution
CAAB02016770.1/2532-2438	40	39	42	u	C	substitution
CAAB02016770.1/2532-2438	41	40	43	u	C	substitution
CAAB02016770.1/2532-2438	42	41	44	u	A	substitution
CAAB02016770.1/2532-2438	43	42	45	u	C	substitution
CAAB02016770.1/2532-2438	44	43	46	a	C	substitution
CAAB02016770.1/2532-2438	46	45	48	u	A	substitution
CAAB02016770.1/2532-2438	47	46	49	u	A	substitution
CAAB02016770.1/2532-2438	48	47	50	c	A	substitution
CAAB02016770.1/2532-2438	50	49	52	c	G	substitution
CAAB02016770.1/2532-2438	51	50	53	u	A	substitution
CAAB02016770.1/2532-2438	53	52	55	u	C	substitution
CAAB02016770.1/2532-2438	54	53	56	a	C	substitution
CAAB02016770.1/2532-2438	55	54	57	u	G	substitution
CAAB02016770.1/2532-2438	56	55	58	u	C	substitution
CAAB02016770.1/2532-2438	57	56	59	u	G	substitution
CAAB02016770.1/2532-2438	58	57	60	u	G	substitution
CAAB02016770.1/2532-2438	59	58	61	u	G	substitution
CAAB02016770.1/2532-2438	61	59	63	u	-	deletion
CAAB02016770.1/2532-2438	62	60	109	u	C	substitution
CAAB02016770.1/2532-2438	63	61	110	g	A	substitution
CAAB02016770.1/2532-2438	64	62	111	g	C	substitution
CAAB02016770.1/2532-2438	65	63	112	g	A	substitution
CAAB02016770.1/2532-2438	71	69	118	G	C	substitution
CAAB02016770.1/2532-2438	73	71	120	g	A	substitution
CAAB02016770.1/2532-2438	74..75	71	121..122	AC	-	deletion
CAAB02016770.1/2532-2438	78	74	142	g	C	substitution
CAAB02016770.1/2532-2438	86	82	150	U	C	substitution
CAAB02016770.1/2532-2438	88	84	152	U	C	substitution
CAAB02016770.1/2532-2438	91	87	155	g	U	substitution
CAAB02016770.1/2532-2438	92	88	156	g	C	substitution
CAAB02016770.1/2532-2438	94	90	158	c	G	substitution
CAAB02016770.1/2532-2438	95	91	159	c	U	substitution
CAAB02016770.1/2532-2438	99	95	163	U	G	substitution
AAGU03004543.1/85259-85169	4	4	4	c	U	substitution
AAGU03004543.1/85259-85169	6	6	6	G	A	substitution
AAGU03004543.1/85259-85169	16	17	18	-	u	insert-after-RF-position
AAGU03004543.1/85259-85169	31	32	33	c	U	substitution
AAGU03004543.1/85259-85169	32	33	34	u	C	substitution
AAGU03004543.1/85259-85169	35	36	37	u	A	substitution
AAGU03004543.1/85259-85169	36	37	38	a	G	substitution
AAGU03004543.1/85259-85169	38	39	40	a	C	substitution
AAGU03004543.1/85259-85169	40	41	42	u	G	substitution
AAGU03004543.1/85259-85169	41	42	43	u	A	substitution
AAGU03004543.1/85259-85169	42	43	44	u	A	substitution
AAGU03004543.1/85259-85169	43	44	45	u	C	substitution
AAGU03004543.1/85259-85169	45	46	47	u	A	substitution
AAGU03004543.1/85259-85169	46	47	48	u	C	substitution
AAGU03004543.1/85259-85169	50	51	52	c	G	substitution
AAGU03004543.1/85259-85169	52	53	54	u	C	substitution
AAGU03004543.1/85259-85169	53..61	53	55..63	uauuuuuuu	-	deletion
AAGU03004543.1/85259-85169	62	54	109	u	G	substitution
AAGU03004543.1/85259-85169	63	55	110	g	U	substitution
AAGU03004543.1/85259-85169	66	58	113	G	A	substitution
AAGU03004543.1/85259-85169	87	79	151	g	C	substitution
AAGU03004543.1/85259-85169	90	82	154	C	U	substitution
AAGU03004543.1/85259-85169	92	84	156	g	A	substitution
AAGW02008962.1/166-64	5	5	5	c	U	substitution
AAGW02008962.1/166-64	10	10	11	U	A	substitution
AAGW02008962.1/166-64	24	24	26	A	C	substitution
AAGW02008962.1/166-64	32	32	34	u	G	substitution
AAGW02008962.1/166-64	33	33	35	a	C	substitution
AAGW02008962.1/166-64	35	35	37	u	G	substitution
AAGW02008962.1/166-64	37	37	39	u	A	substitution
AAGW02008962.1/166-64	38	38	40	a	G	substitution
AAGW02008962.1/166-64	39	39	41	a	C	substitution
AAGW02008962.1/166-64	41	41	43	u	A	substitution
AAGW02008962.1/166-64	42	42	44	u	C	substitution
AAGW02008962.1/166-64	44	44	46	a	U	substitution
AAGW02008962.1/166-64	45	45	47	u	G	substitution
AAGW02008962.1/166-64	46	46	48	u	A	substitution
AAGW02008962.1/166-64	47	47	49	u	A	substitution
AAGW02008962.1/166-64	48	48	50	c	G	substitution
AAGW02008962.1/166-64	49	49	51	u	C	substitution
AAGW02008962.1/166-64	50	50	52	c	U	substitution
AAGW02008962.1/166-64	51	51	53	u	A	substitution
AAGW02008962.1/166-64	52	52	54	u	A	substitution
AAGW02008962.1/166-64	53	53	55	u	G	substitution
AAGW02008962.1/166-64	54	54	56	a	U	substitution
AAGW02008962.1/166-64	55	55	57	u	C	substitution
AAGW02008962.1/166-64	56	56	58	u	A	substitution
AAGW02008962.1/166-64	57	57	59	u	G	substitution
AAGW02008962.1/166-64	58	58	60	u	C	substitution
AAGW02008962.1/166-64	59	59	61	u	A	substitution
AAGW02008962.1/166-64	61	61	63	u	G	substitution
AAGW02008962.1/166-64	61	62..65	64..108	-	caag	insert-after-RF-position
AAGW02008962.1/166-64	64	68	111	g	C	substitution
AAGW02008962.1/166-64	65	69	112	g	U	substitution
AAGW02008962.1/166-64	74	78	121	A	U	substitution
AAGW02008962.1/166-64	87	91	151	g	C	substitution
AAGW02008962.1/166-64	88	92	152	U	C	substitution
AAGW02008962.1/166-64	91	95	155	g	A	substitution
AAGW02008962.1/166-64	95	99	159	c	U	substitution
AAGJ04060735.1/3776-3896	1	1	1	G	U	substitution
AAGJ04060735.1/3776-3896	5	5	5	c	U	substitution
AAGJ04060735.1/3776-3896	9	8	10	U	-	deletion
AAGJ04060735.1/3776-3896	11	10	12	U	A	substitution
AAGJ04060735.1/3776-3896	15	14	16	u	A	substitution
AAGJ04060735.1/3776-3896	16	15	17	c	G	substitution
AAGJ04060735.1/3776-3896	17	16	19	A	U	substitution
AAGJ04060735.1/3776-3896	19	18	21	c	U	substitution
AAGJ04060735.1/3776-3896	22	21	24	U	A	substitution
AAGJ04060735.1/3776-3896	30	29	32	a	U	substitution
AAGJ04060735.1/3776-3896	31	30	33	c	A	substitution
AAGJ04060735.1/3776-3896	34	33	36	a	G	substitution
AAGJ04060735.1/3776-3896	35	34	37	u	C	substitution
AAGJ04060735.1/3776-3896	41	40	43	u	G	substitution
AAGJ04060735.1/3776-3896	42	41	44	u	G	substitution
AAGJ04060735.1/3776-3896	43	42	45	u	C	substitution
AAGJ04060735.1/3776-3896	47	46	49	u	G	substitution
AAGJ04060735.1/3776-3896	49	48	51	u	A	substitution
AAGJ04060735.1/3776-3896	50	49	52	c	A	substitution
AAGJ04060735.1/3776-3896	53	52	55	u	A	substitution
AAGJ04060735.1/3776-3896	55	54	57	u	C	substitution
AAGJ04060735.1/3776-3896	56	55	58	u	C	substitution
AAGJ04060735.1/3776-3896	59	58	61	u	C	substitution
AAGJ04060735.1/3776-3896	60	59	62	u	A	substitution
AAGJ04060735.1/3776-3896	61	61..68	64..108	-	uuaaugau	insert-after-RF-position
AAGJ04060735.1/3776-3896	62	69	109	u	A	substitution
AAGJ04060735.1/3776-3896	64	71	111	g	U	substitution
AAGJ04060735.1/3776-3896	73	80	120	g	U	substitution
AAGJ04060735.1/3776-3896	74	81	121	A	C	substitution
AAGJ04060735.1/3776-3896	75	83..97	123..139	-	ccacugcguuuauuu	insert-after-RF-position
AAGJ04060735.1/3776-3896	77	99	141	C	U	substitution
AAGJ04060735.1/3776-3896	78	100	142	g	A	substitution
AAGJ04060735.1/3776-3896	80	102	144	g	A	substitution
AAGJ04060735.1/3776-3896	81	103	145	g	C	substitution
AAGJ04060735.1/3776-3896	86	108	150	U	G	substitution
AAGJ04060735.1/3776-3896	87	109	151	g	A	substitution
AAGJ04060735.1/3776-3896	91	113	155	g	A	substitution
AAGJ04060735.1/3776-3896	95	117	159	c	U	substitution
AAGJ04060731.1/512-632	1	1	1	G	U	substitution
AAGJ04060731.1/512-632	5	5	5	c	U	substitution
AAGJ04060731.1/512-632	9	8	10	U	-	deletion
AAGJ04060731.1/512-632	11	10	12	U	A	substitution
AAGJ04060731.1/512-632	15	14	16	u	A	substitution
AAGJ04060731.1/512-632	16	15	17	c	G	substitution
AAGJ04060731.1/512-632	17	16	19	A	U	substitution
AAGJ04060731.1/512-632	19	18	21	c	U	substitution
AAGJ04060731.1/512-632	22	21	24	U	A	substitution
AAGJ04060731.1/512-632	30	29	32	a	U	substitution
AAGJ04060731.1/512-632	31	30	33	c	A	substitution
AAGJ04060731.1/512-632	32	31	34	u	A	substitution
AAGJ04060731.1/512-632	34	33	36	a	G	substitution
AAGJ04060731.1/512-632	35	34	37	u	C	substitution
AAGJ04060731.1/512-632	37	36	39	u	A	substitution
AAGJ04060731.1/512-632	41	40	43	u	G	substitution
AAGJ04060731.1/512-632	42	41	44	u	G	substitution
AAGJ04060731.1/512-632	47	46	49	u	G	substitution
AAGJ04060731.1/512-632	49	48	51	u	A	substitution
AAGJ04060731.1/512-632	50	49	52	c	A	substitution
AAGJ04060731.1/512-632	53	52	55	u	A	substitution
AAGJ04060731.1/512-632	55	54	57	u	C	substitution
AAGJ04060731.1/512-632	57	56	59	u	G	substitution
AAGJ04060731.1/512-632	59	58	61	u	C	substitution
AAGJ04060731.1/512-632	60	59	62	u	A	substitution
AAGJ04060731.1/512-632	61	60	63	u	C	substitution
AAGJ04060731.1/512-632	61	61..68	64..108	-	uuaauguu	insert-after-RF-position
AAGJ04060731.1/512-632	64	71	111	g	U	substitution
AAGJ04060731.1/512-632	73	80	120	g	U	substitution
AAGJ04060731.1/512-632	74	81	121	A	C	substitution
AAGJ04060731.1/512-632	75	83..97	123..139	-	ccacugcguuucuuu	insert-after-RF-position
AAGJ04060731.1/512-632	77	99	141	C	U	substitution
AAGJ04060731.1/512-632	78	100	142	g	A	substitution
AAGJ04060731.1/512-632	80	102	144	g	A	substitution
AAGJ04060731.1/512-632	81	103	145	g	C	substitution
AAGJ04060731.1/512-632	86	108	150	U	G	substitution
AAGJ04060731.1/512-632	87	109	151	g	A	substitution
AAGJ04060731.1/512-632	91	113	155	g	A	substitution
AAGJ04060731.1/512-632	94	116	158	c	U	substitution
AAGJ04060731.1/512-632	95	117	159	c	U	substitution
AAGJ04060733.1/971-1090	1	1	1	G	U	substitution
AAGJ04060733.1/971-1090	5	5	5	c	U	substitution
AAGJ04060733.1/971-1090	9	8	10	U	-	deletion
AAGJ04060733.1/971-1090	11	10	12	U	A	substitution
AAGJ04060733.1/971-1090	12	11	13	A	G	substitution
AAGJ04060733.1/971-1090	15	14	16	u	A	substitution
AAGJ04060733.1/971-1090	16	15	17	c	G	substitution
AAGJ04060733.1/971-1090	17	16	19	A	U	substitution
AAGJ04060733.1/971-1090	19	18	21	c	U	substitution
AAGJ04060733.1/971-1090	22	21	24	U	A	substitution
AAGJ04060733.1/971-1090	30	29	32	a	U	substitution
AAGJ04060733.1/971-1090	31	30	33	c	A	substitution
AAGJ04060733.1/971-1090	34	33	36	a	G	substitution
AAGJ04060733.1/971-1090	35	34	37	u	C	substitution
AAGJ04060733.1/971-1090	37	36	39	u	A	substitution
AAGJ04060733.1/971-1090	40	39	42	u	C	substitution
AAGJ04060733.1/971-1090	41	40	43	u	G	substitution
AAGJ04060733.1/971-1090	42	41	44	u	G	substitution
AAGJ04060733.1/971-1090	47	46	49	u	G	substitution
AAGJ04060733.1/971-1090	49	48	51	u	A	substitution
AAGJ04060733.1/971-1090	50	49	52	c	A	substitution
AAGJ04060733.1/971-1090	53	52	55	u	A	substitution
AAGJ04060733.1/971-1090	57	56	59	u	G	substitution
AAGJ04060733.1/971-1090	59	58	61	u	G	substitution
AAGJ04060733.1/971-1090	60	59	62	u	G	substitution
AAGJ04060733.1/971-1090	61	60	63	u	C	substitution
AAGJ04060733.1/971-1090	61	61..67	64..108	-	uuaaugu	insert-after-RF-position
AAGJ04060733.1/971-1090	64	70	111	g	U	substitution
AAGJ04060733.1/971-1090	73	79	120	g	U	substitution
AAGJ04060733.1/971-1090	74	80	121	A	C	substitution
AAGJ04060733.1/971-1090	75	82..96	123..139	-	ccacugcguuucuuu	insert-after-RF-position
AAGJ04060733.1/971-1090	77	98	141	C	U	substitution
AAGJ04060733.1/971-1090	78	99	142	g	A	substitution
AAGJ04060733.1/971-1090	80	101	144	g	A	substitution
AAGJ04060733.1/971-1090	81	102	145	g	C	substitution
AAGJ04060733.1/971-1090	86	107	150	U	G	substitution
AAGJ04060733.1/971-1090	87	108	151	g	A	substitution
AAGJ04060733.1/971-1090	91	112	155	g	A	substitution
AAGJ04060733.1/971-1090	94	115	158	c	U	substitution
AAGJ04020426.1/4514-4635	1	1	1	G	U	substitution
AAGJ04020426.1/4514-4635	5	5	5	c	U	substitution
AAGJ04020426.1/4514-4635	9	8	10	U	-	deletion
AAGJ04020426.1/4514-4635	11	10	12	U	A	substitution
AAGJ04020426.1/4514-4635	15	14	16	u	A	substitution
AAGJ04020426.1/4514-4635	16	15	17	c	G	substitution
AAGJ04020426.1/4514-4635	17	16	19	A	U	substitution
AAGJ04020426.1/4514-4635	19	18	21	c	U	substitution
AAGJ04020426.1/4514-4635	22	21	24	U	A	substitution
AAGJ04020426.1/4514-4635	30	29	32	a	U	substitution
AAGJ04020426.1/4514-4635	31	30	33	c	A	substitution
AAGJ04020426.1/4514-4635	34	33	36	a	G	substitution
AAGJ04020426.1/4514-4635	35	34	37	u	C	substitution
AAGJ04020426.1/4514-4635	36	35	38	a	U	substitution
AAGJ04020426.1/4514-4635	37	36	39	u	A	substitution
AAGJ04020426.1/4514-4635	41	40	43	u	G	substitution
AAGJ04020426.1/4514-4635	42	41	44	u	G	substitution
AAGJ04020426.1/4514-4635	45	44	47	u	A	substitution
AAGJ04020426.1/4514-4635	46	45	48	u	A	substitution
AAGJ04020426.1/4514-4635	47	46	49	u	G	substitution
AAGJ04020426.1/4514-4635	49	48	51	u	C	substitution
AAGJ04020426.1/4514-4635	53	52	55	u	A	substitution
AAGJ04020426.1/4514-4635	54	53	56	a	U	substitution
AAGJ04020426.1/4514-4635	56	55	58	u	A	substitution
AAGJ04020426.1/4514-4635	57	56	59	u	A	substitution
AAGJ04020426.1/4514-4635	59	58	61	u	C	substitution
AAGJ04020426.1/4514-4635	60	59	62	u	A	substitution
AAGJ04020426.1/4514-4635	61	60	63	u	C	substitution
AAGJ04020426.1/4514-4635	61	61..69	64..108	-	augaguauu	insert-after-RF-position
AAGJ04020426.1/4514-4635	64	72	111	g	U	substitution
AAGJ04020426.1/4514-4635	73	81	120	g	U	substitution
AAGJ04020426.1/4514-4635	74	82	121	A	C	substitution
AAGJ04020426.1/4514-4635	75	84..98	123..139	-	ccacuacgucucuuu	insert-after-RF-position
AAGJ04020426.1/4514-4635	77	100	141	C	U	substitution
AAGJ04020426.1/4514-4635	78	101	142	g	A	substitution
AAGJ04020426.1/4514-4635	80	103	144	g	A	substitution
AAGJ04020426.1/4514-4635	81	104	145	g	C	substitution
AAGJ04020426.1/4514-4635	86	109	150	U	G	substitution
AAGJ04020426.1/4514-4635	87	110	151	g	A	substitution
AAGJ04020426.1/4514-4635	91	114	155	g	A	substitution
AAGJ04020426.1/4514-4635	94	117	158	c	U	substitution
AAGJ04020426.1/4514-4635	95	118	159	c	U	substitution
AAGJ04060733.1/252-131	1	1	1	G	U	substitution
AAGJ04060733.1/252-131	5	5	5	c	U	substitution
AAGJ04060733.1/252-131	9	8	10	U	-	deletion
AAGJ04060733.1/252-131	11	10	12	U	A	substitution
AAGJ04060733.1/252-131	15	14	16	u	A	substitution
AAGJ04060733.1/252-131	16	15	17	c	G	substitution
AAGJ04060733.1/252-131	17	16	19	A	U	substitution
AAGJ04060733.1/252-131	19	18	21	c	U	substitution
AAGJ04060733.1/252-131	22	21	24	U	A	substitution
AAGJ04060733.1/252-131	30	29	32	a	U	substitution
AAGJ04060733.1/252-131	31	30	33	c	A	substitution
AAGJ04060733.1/252-131	34	33	36	a	G	substitution
AAGJ04060733.1/252-131	35	34	37	u	C	substitution
AAGJ04060733.1/252-131	36	35	38	a	U	substitution
AAGJ04060733.1/252-131	37	36	39	u	A	substitution
AAGJ04060733.1/252-131	41	40	43	u	G	substitution
AAGJ04060733.1/252-131	42	41	44	u	G	substitution
AAGJ04060733.1/252-131	43	42	45	u	A	substitution
AAGJ04060733.1/252-131	46	45	48	u	A	substitution
AAGJ04060733.1/252-131	47	46	49	u	G	substitution
AAGJ04060733.1/252-131	49	48	51	u	A	substitution
AAGJ04060733.1/252-131	53	52	55	u	A	substitution
AAGJ04060733.1/252-131	54	53	56	a	C	substitution
AAGJ04060733.1/252-131	56	55	58	u	A	substitution
AAGJ04060733.1/252-131	57	56	59	u	A	substitution
AAGJ04060733.1/252-131	59	58	61	u	C	substitution
AAGJ04060733.1/252-131	60	59	62	u	A	substitution
AAGJ04060733.1/252-131	61	60	63	u	C	substitution
AAGJ04060733.1/252-131	61	61..69	64..108	-	augaguauu	insert-after-RF-position
AAGJ04060733.1/252-131	64	72	111	g	U	substitution
AAGJ04060733.1/252-131	73	81	120	g	U	substitution
AAGJ04060733.1/252-131	74	82	121	A	C	substitution
AAGJ04060733.1/252-131	75	84..98	123..139	-	ccacuacgucucuuu	insert-after-RF-position
AAGJ04060733.1/252-131	77	100	141	C	U	substitution
AAGJ04060733.1/252-131	78	101	142	g	A	substitution
AAGJ04060733.1/252-131	80	103	144	g	A	substitution
AAGJ04060733.1/252-131	81	104	145	g	U	substitution
AAGJ04060733.1/252-131	83	106	147	C	U	substitution
AAGJ04060733.1/252-131	86	109	150	U	G	substitution
AAGJ04060733.1/252-131	87	110	151	g	U	substitution
AAGJ04060733.1/252-131	91	114	155	g	A	substitution
AAGJ04060733.1/252-131	94	117	158	c	U	substitution
AAGJ04060733.1/252-131	95	118	159	c	U	substitution
